employee_id,department,position,gender,age,education,years_at_company,monthly_salary,performance_score,job_satisfaction,overtime,training_hours,work_mode,attrition
EMP0111,บัญชี,เจ้าหน้าที่บัญชี,ชาย,43,ปริญญาตรี,9,29300,3.7,1,มี,28,WFH,อยู่ต่อ
EMP0239,ปฏิบัติการ,พนักงานคลังสินค้า,หญิง,27,ปริญญาตรี,1,17500,3.3,4,มี,58,ออฟฟิศ,ลาออก
EMP0597,ปฏิบัติการ,ผู้จัดการโรงงาน,ชาย,33,ปริญญาตรี,9,57000,2.7,3,ไม่มี,32,Hybrid,อยู่ต่อ
EMP0103,ขาย,พนักงานขาย,หญิง,38,ปริญญาตรี,7,23600,3.4,5,ไม่มี,59,WFH,อยู่ต่อ
EMP0675,การตลาด,Marketing Executive,ชาย,32,ปริญญาตรี,5,23900,2.2,3,ไม่มี,51,Hybrid,อยู่ต่อ
EMP0272,ขาย,พนักงานขาย,หญิง,35,ปริญญาโท,4,22500,2.6,2,มี,1,Hybrid,อยู่ต่อ
EMP0102,ขาย,หัวหน้าทีมขาย,ชาย,33,ปริญญาตรี,6,38500,4.5,3,ไม่มี,36,Hybrid,ลาออก
EMP0618,ปฏิบัติการ,ผู้จัดการโรงงาน,หญิง,47,ปวส.,13,59400,3.4,3,ไม่มี,38,Hybrid,อยู่ต่อ
EMP0427,ปฏิบัติการ,พนักงานคลังสินค้า,ชาย,33,ปริญญาตรี,4,19200,3.7,4,ไม่มี,38,ออฟฟิศ,อยู่ต่อ
EMP0477,IT,Developer,หญิง,40,ปวส.,7,37400,4.1,4,ไม่มี,39,ออฟฟิศ,อยู่ต่อ
EMP0230,บัญชี,เจ้าหน้าที่บัญชี,ชาย,38,ปวส.,7,26300,4.7,5,ไม่มี,41,ออฟฟิศ,อยู่ต่อ
EMP0284,ปฏิบัติการ,พนักงานคลังสินค้า,ชาย,26,,1,17900,2.6,1,มี,2,Hybrid,อยู่ต่อ
EMP0768,ปฏิบัติการ,พนักงานคลังสินค้า,ชาย,25,ปวส.,0,14800,4.4,3,มี,9,ออฟฟิศ,อยู่ต่อ
EMP0244,ปฏิบัติการ,พนักงานคลังสินค้า,ชาย,32,ปริญญาตรี,0,15200,2.2,1,ไม่มี,43,ออฟฟิศ,อยู่ต่อ
EMP0641,ขาย,พนักงานขาย,ชาย,33,ปริญญาตรี,4,20200,3.4,2,มี,55,Hybrid,ลาออก
EMP0566,การตลาด,Marketing Executive,หญิง,38,ปริญญาตรี,7,27700,3.6,2,ไม่มี,23,ออฟฟิศ,อยู่ต่อ
EMP0063,IT,Data Analyst,หญิง,33,ปริญญาตรี,9,70000,3.7,3,ไม่มี,50,Hybrid,อยู่ต่อ
EMP0237,IT,Data Analyst,หญิง,43,ปริญญาตรี,10,82700,2.6,2,ไม่มี,54,Hybrid,อยู่ต่อ
EMP0599,IT,Developer,หญิง,32,ปริญญาตรี,2,31500,4.1,3,ไม่มี,8,ออฟฟิศ,ลาออก
EMP0353,การตลาด,Marketing Executive,ชาย,28,ปริญญาตรี,4,24600,2.6,4,ไม่มี,3,ออฟฟิศ,อยู่ต่อ
EMP0014,การตลาด,Content Creator,หญิง,39,ปริญญาโท,11,64400,4.5,1,ไม่มี,18,Hybrid,อยู่ต่อ
EMP0232,ขาย,พนักงานขาย,ชาย,31,ปวส.,4,22300,3.4,5,มี,43,WFH,อยู่ต่อ
EMP0652,ขาย,พนักงานขาย,หญิง,31,ปวส.,3,23100,3.6,3,ไม่มี,4,Hybrid,อยู่ต่อ
EMP0556,ปฏิบัติการ,พนักงานคลังสินค้า,หญิง,43,ปริญญาตรี,9,18800,3.6,4,มี,38,ออฟฟิศ,อยู่ต่อ
EMP0719,บัญชี,นักวิเคราะห์การเงิน,ชาย,28,ปริญญาตรี,0,41800,3.3,1,ไม่มี,9,ออฟฟิศ,อยู่ต่อ
EMP0016,ปฏิบัติการ,หัวหน้างาน,ชาย,39,ปริญญาตรี,8,37200,3.0,5,ไม่มี,14,Hybrid,อยู่ต่อ
EMP0369,ขาย,พนักงานขาย,หญิง,33,ปริญญาตรี,3,20700,2.6,1,มี,27,ออฟฟิศ,ลาออก
EMP0065,IT,Developer,ชาย,31,ปริญญาตรี,3,36300,3.1,2,ไม่มี,5,ออฟฟิศ,อยู่ต่อ
EMP0226,บุคคล,เจ้าหน้าที่ HR,หญิง,37,ปวส.,4,22700,3.2,2,ไม่มี,59,WFH,ลาออก
EMP0703,IT,Developer,หญิง,41,ปริญญาตรี,8,36500,4.8,2,ไม่มี,56,ออฟฟิศ,อยู่ต่อ
EMP0169,ขาย,พนักงานขาย,หญิง,36,ปริญญาตรี,2,20400,4.0,5,มี,15,Hybrid,อยู่ต่อ
EMP0665,IT,Developer,หญิง,40,ปวส.,6,36400,,5,ไม่มี,,ออฟฟิศ,อยู่ต่อ
EMP0589,การตลาด,Marketing Executive,ชาย,37,ปริญญาตรี,5,26500,3.0,3,ไม่มี,7,Hybrid,อยู่ต่อ
EMP0553,IT,Developer,ชาย,34,ปริญญาตรี,3,37000,3.7,4,ไม่มี,50,WFH,อยู่ต่อ
EMP0035,ปฏิบัติการ,พนักงานคลังสินค้า,หญิง,27,ปริญญาตรี,1,15300,3.7,4,มี,50,WFH,ลาออก
EMP0159,บัญชี,เจ้าหน้าที่บัญชี,หญิง,36,ปวส.,2,21100,2.7,3,มี,8,ออฟฟิศ,อยู่ต่อ
EMP0752,บัญชี,นักวิเคราะห์การเงิน,ชาย,38,ปริญญาตรี,5,48300,3.3,3,มี,49,ออฟฟิศ,อยู่ต่อ
EMP0227,บุคคล,เจ้าหน้าที่ HR,ชาย,29,ปริญญาตรี,2,24400,2.7,3,ไม่มี,8,ออฟฟิศ,อยู่ต่อ
EMP0438,ขาย,ผู้จัดการฝ่ายขาย,หญิง,44,ปริญญาตรี,11,77400,3.6,2,ไม่มี,49,ออฟฟิศ,ลาออก
EMP0205,บุคคล,เจ้าหน้าที่ HR,ชาย,25,ปริญญาตรี,0,20000,2.8,1,ไม่มี,1,ออฟฟิศ,ลาออก
EMP0042,IT,Developer,หญิง,31,ปวส.,7,39000,2.8,4,ไม่มี,54,WFH,อยู่ต่อ
EMP0621,ขาย,หัวหน้าทีมขาย,หญิง,42,ปริญญาตรี,13,45700,3.9,3,ไม่มี,58,Hybrid,อยู่ต่อ
EMP0681,ขาย,พนักงานขาย,หญิง,28,ปริญญาโท,5,23900,2.7,3,มี,9,ออฟฟิศ,อยู่ต่อ
EMP0631,ปฏิบัติการ,พนักงานคลังสินค้า,หญิง,24,ปวส.,2,17300,2.7,4,ไม่มี,37,ออฟฟิศ,อยู่ต่อ
EMP0756,ปฏิบัติการ,พนักงานคลังสินค้า,หญิง,34,ปริญญาตรี,3,18000,3.2,3,ไม่มี,21,Hybrid,อยู่ต่อ
EMP0006,บัญชี,เจ้าหน้าที่บัญชี,ชาย,36,ปริญญาตรี,6,25100,3.2,4,ไม่มี,59,ออฟฟิศ,อยู่ต่อ
EMP0627,ปฏิบัติการ,พนักงานคลังสินค้า,ชาย,23,ปวส.,0,14700,3.9,4,ไม่มี,32,ออฟฟิศ,อยู่ต่อ
EMP0584,ขาย,พนักงานขาย,ชาย,31,ปริญญาตรี,2,21900,3.5,5,ไม่มี,21,ออฟฟิศ,อยู่ต่อ
EMP0529,ปฏิบัติการ,ผู้จัดการโรงงาน,หญิง,35,ปวส.,13,59300,3.7,5,ไม่มี,34,Hybrid,อยู่ต่อ
EMP0485,บัญชี,เจ้าหน้าที่บัญชี,หญิง,39,ปริญญาตรี,6,29100,2.9,2,ไม่มี,55,ออฟฟิศ,อยู่ต่อ
EMP0761,ขาย,ผู้จัดการฝ่ายขาย,ชาย,32,ปริญญาตรี,7,64800,3.8,1,ไม่มี,12,ออฟฟิศ,อยู่ต่อ
EMP0775,ขาย,หัวหน้าทีมขาย,ชาย,37,ปริญญาโท,7,37600,3.5,3,ไม่มี,14,Hybrid,อยู่ต่อ
EMP0594,IT,Developer,ชาย,44,ปริญญาตรี,10,42500,2.6,4,ไม่มี,7,Hybrid,อยู่ต่อ
EMP0778,ปฏิบัติการ,หัวหน้างาน,หญิง,31,ปริญญาตรี,3,29000,4.6,1,ไม่มี,2,ออฟฟิศ,อยู่ต่อ
EMP0124,ขาย,พนักงานขาย,หญิง,31,ปริญญาตรี,2,21400,4.8,3,มี,1,WFH,ลาออก
EMP0558,การตลาด,Marketing Executive,หญิง,35,ปริญญาตรี,8,31200,4.4,1,ไม่มี,18,ออฟฟิศ,ลาออก
EMP0312,ขาย,พนักงานขาย,หญิง,38,ปริญญาตรี,4,22200,3.8,2,ไม่มี,8,ออฟฟิศ,อยู่ต่อ
EMP0407,ปฏิบัติการ,พนักงานคลังสินค้า,ชาย,32,ปริญญาตรี,4,18100,4.7,2,ไม่มี,56,ออฟฟิศ,ลาออก
EMP0304,ขาย,หัวหน้าทีมขาย,ชาย,36,ปริญญาตรี,10,45100,4.0,3,ไม่มี,27,Hybrid,อยู่ต่อ
EMP0123,IT,Data Analyst,ชาย,29,ปริญญาตรี,7,76200,3.2,5,ไม่มี,43,Hybrid,อยู่ต่อ
EMP0354,ขาย,พนักงานขาย,ชาย,35,ปริญญาตรี,5,24800,1.9,4,มี,17,ออฟฟิศ,อยู่ต่อ
EMP0310,ขาย,พนักงานขาย,ชาย,29,ปริญญาตรี,4,19900,4.1,2,มี,10,Hybrid,ลาออก
EMP0410,ปฏิบัติการ,หัวหน้างาน,หญิง,41,ปริญญาตรี,10,42500,2.9,5,ไม่มี,31,ออฟฟิศ,อยู่ต่อ
EMP0179,IT,Data Analyst,ชาย,33,ปริญญาตรี,9,83700,3.2,3,มี,31,ออฟฟิศ,ลาออก
EMP0270,การตลาด,ผู้จัดการการตลาด,ชาย,39,ปริญญาตรี,10,77900,4.0,3,มี,32,ออฟฟิศ,อยู่ต่อ
EMP0241,ขาย,หัวหน้าทีมขาย,หญิง,29,ปริญญาตรี,6,39600,3.4,5,ไม่มี,52,ออฟฟิศ,อยู่ต่อ
EMP0298,การตลาด,Marketing Executive,ชาย,34,ปริญญาตรี,7,31500,3.4,2,มี,16,Hybrid,อยู่ต่อ
EMP0702,ปฏิบัติการ,พนักงานคลังสินค้า,หญิง,35,ปริญญาตรี,8,21800,4.4,1,ไม่มี,11,WFH,ลาออก
EMP0538,ขาย,หัวหน้าทีมขาย,ชาย,37,ปวส.,4,42300,4.3,5,ไม่มี,25,Hybrid,อยู่ต่อ
EMP0371,บุคคล,Recruiter,ชาย,40,ปริญญาตรี,7,42300,3.3,1,ไม่มี,15,Hybrid,อยู่ต่อ
EMP0632,ปฏิบัติการ,ผู้จัดการโรงงาน,หญิง,39,ปริญญาตรี,9,60600,3.3,1,มี,49,Hybrid,ลาออก
EMP0481,ขาย,พนักงานขาย,หญิง,39,ปวส.,6,21900,3.5,1,มี,5,ออฟฟิศ,อยู่ต่อ
EMP0450,ขาย,พนักงานขาย,ชาย,40,ปริญญาตรี,7,24200,2.3,4,มี,28,Hybrid,อยู่ต่อ
EMP0405,ปฏิบัติการ,หัวหน้างาน,ชาย,43,ปวส.,10,40800,4.2,4,มี,52,Hybrid,อยู่ต่อ
EMP0055,การตลาด,ผู้จัดการการตลาด,หญิง,43,ปริญญาตรี,9,86600,3.0,1,ไม่มี,10,WFH,ลาออก
EMP0224,ขาย,พนักงานขาย,ชาย,35,ปวส.,6,21500,3.3,5,ไม่มี,33,ออฟฟิศ,อยู่ต่อ
EMP0058,ปฏิบัติการ,หัวหน้างาน,หญิง,34,ปริญญาตรี,7,32700,3.5,3,ไม่มี,57,ออฟฟิศ,อยู่ต่อ
EMP0520,ปฏิบัติการ,หัวหน้างาน,หญิง,35,ปริญญาตรี,8,38300,3.6,5,มี,28,ออฟฟิศ,อยู่ต่อ
EMP0251,ปฏิบัติการ,พนักงานคลังสินค้า,หญิง,39,ปริญญาตรี,9,22400,4.3,1,ไม่มี,57,Hybrid,ลาออก
EMP0228,IT,Developer,หญิง,28,ปริญญาตรี,2,34300,3.8,3,มี,58,ออฟฟิศ,ลาออก
EMP0326,ขาย,หัวหน้าทีมขาย,หญิง,38,ปริญญาตรี,9,42000,2.4,4,ไม่มี,0,ออฟฟิศ,อยู่ต่อ
EMP0274,ปฏิบัติการ,พนักงานคลังสินค้า,หญิง,38,ปริญญาโท,6,21000,2.2,1,ไม่มี,40,ออฟฟิศ,อยู่ต่อ
EMP0150,IT,Developer,ชาย,32,ปริญญาตรี,6,41000,3.4,2,มี,17,WFH,อยู่ต่อ
EMP0320,IT,Developer,ชาย,32,ปวส.,0,33700,3.2,4,ไม่มี,27,ออฟฟิศ,ลาออก
EMP0769,ปฏิบัติการ,หัวหน้างาน,ชาย,37,ปริญญาตรี,7,34000,4.0,1,ไม่มี,33,Hybrid,อยู่ต่อ
EMP0607,ปฏิบัติการ,พนักงานคลังสินค้า,หญิง,29,ปริญญาตรี,4,17300,3.4,5,ไม่มี,44,Hybrid,อยู่ต่อ
EMP0021,การตลาด,Marketing Executive,ชาย,25,,2,23400,3.5,1,มี,44,ออฟฟิศ,อยู่ต่อ
EMP0001,ขาย,พนักงานขาย,หญิง,36,ปริญญาตรี,7,26200,4.0,4,ไม่มี,17,ออฟฟิศ,อยู่ต่อ
EMP0245,บัญชี,ผู้จัดการบัญชี,ชาย,44,ปริญญาโท,13,94000,3.5,1,มี,9,ออฟฟิศ,อยู่ต่อ
EMP0727,ปฏิบัติการ,พนักงานคลังสินค้า,ชาย,29,ปวส.,3,16500,2.5,5,มี,33,ออฟฟิศ,อยู่ต่อ
EMP0005,IT,Developer,ชาย,32,ปริญญาตรี,4,39500,3.1,3,มี,28,ออฟฟิศ,ลาออก
EMP0391,ปฏิบัติการ,พนักงานคลังสินค้า,หญิง,36,ปริญญาโท,6,21200,1.8,1,ไม่มี,17,ออฟฟิศ,อยู่ต่อ
EMP0759,IT,Developer,ชาย,37,ปวส.,6,37500,4.1,4,ไม่มี,59,ออฟฟิศ,อยู่ต่อ
EMP0122,IT,Developer,หญิง,37,ปริญญาโท,3,35300,4.4,1,ไม่มี,44,ออฟฟิศ,อยู่ต่อ
EMP0263,บุคคล,ผู้จัดการ HR,หญิง,36,ปริญญาตรี,12,79600,3.6,4,มี,39,ออฟฟิศ,อยู่ต่อ
EMP0283,ปฏิบัติการ,พนักงานคลังสินค้า,ชาย,27,ปริญญาตรี,4,18800,2.5,5,ไม่มี,52,ออฟฟิศ,อยู่ต่อ
EMP0100,บุคคล,เจ้าหน้าที่ HR,หญิง,37,ปริญญาตรี,6,27800,3.6,3,ไม่มี,38,Hybrid,อยู่ต่อ
EMP0030,ปฏิบัติการ,พนักงานคลังสินค้า,หญิง,38,ปริญญาตรี,8,19700,4.5,4,มี,22,Hybrid,อยู่ต่อ
EMP0701,ปฏิบัติการ,พนักงานคลังสินค้า,ชาย,31,ปริญญาตรี,2,15500,2.9,3,ไม่มี,20,Hybrid,อยู่ต่อ
EMP0760,ปฏิบัติการ,พนักงานคลังสินค้า,ชาย,36,ปริญญาตรี,2,17100,2.9,1,ไม่มี,2,Hybrid,อยู่ต่อ
EMP0236,บัญชี,เจ้าหน้าที่บัญชี,ชาย,42,ปริญญาตรี,10,32100,3.2,3,มี,58,ออฟฟิศ,ลาออก
EMP0044,ปฏิบัติการ,พนักงานคลังสินค้า,ชาย,32,ปริญญาตรี,6,21100,4.4,1,ไม่มี,53,Hybrid,ลาออก
EMP0204,ขาย,พนักงานขาย,หญิง,35,ปริญญาตรี,5,24400,4.2,1,ไม่มี,43,Hybrid,อยู่ต่อ
EMP0706,บุคคล,Recruiter,ชาย,42,ปริญญาตรี,10,55600,3.4,1,มี,0,Hybrid,อยู่ต่อ
EMP0293,ปฏิบัติการ,พนักงานคลังสินค้า,ชาย,30,ปวส.,6,17900,1.8,1,มี,36,ออฟฟิศ,อยู่ต่อ
EMP0375,ขาย,พนักงานขาย,หญิง,36,ปริญญาตรี,8,24600,2.9,4,ไม่มี,18,ออฟฟิศ,อยู่ต่อ
EMP0524,ขาย,พนักงานขาย,หญิง,32,ปริญญาตรี,5,23400,3.3,1,ไม่มี,1,Hybrid,อยู่ต่อ
EMP0173,ปฏิบัติการ,หัวหน้างาน,ชาย,32,ปวส.,8,39600,3.4,1,ไม่มี,57,ออฟฟิศ,อยู่ต่อ
EMP0136,บุคคล,ผู้จัดการ HR,ชาย,40,ปริญญาตรี,11,69100,2.5,4,ไม่มี,36,ออฟฟิศ,อยู่ต่อ
EMP0402,ขาย,พนักงานขาย,หญิง,38,ปริญญาตรี,9,25400,4.7,3,ไม่มี,55,ออฟฟิศ,อยู่ต่อ
EMP0245,บัญชี,ผู้จัดการบัญชี,ชาย,44,ปริญญาโท,13,94000,3.5,1,มี,9,ออฟฟิศ,อยู่ต่อ
EMP0754,บุคคล,Recruiter,ชาย,42,ปริญญาตรี,8,48900,3.3,5,มี,41,ออฟฟิศ,อยู่ต่อ
EMP0258,IT,Developer,ชาย,39,ปริญญาตรี,5,34300,4.1,5,มี,,ออฟฟิศ,อยู่ต่อ
EMP0685,บุคคล,ผู้จัดการ HR,ชาย,46,ปริญญาตรี,12,73000,2.0,3,มี,35,Hybrid,อยู่ต่อ
EMP0192,บัญชี,เจ้าหน้าที่บัญชี,ชาย,29,ปริญญาตรี,4,22900,2.9,2,ไม่มี,27,Hybrid,ลาออก
EMP0648,บุคคล,เจ้าหน้าที่ HR,หญิง,29,ปริญญาตรี,4,21700,3.7,1,ไม่มี,35,Hybrid,ลาออก
EMP0343,ขาย,ผู้จัดการฝ่ายขาย,ชาย,41,ปริญญาตรี,12,65000,2.8,2,ไม่มี,12,Hybrid,อยู่ต่อ
EMP0138,ปฏิบัติการ,พนักงานคลังสินค้า,ชาย,36,ปริญญาตรี,6,20600,3.3,4,มี,16,ออฟฟิศ,อยู่ต่อ
EMP0077,บัญชี,เจ้าหน้าที่บัญชี,ชาย,38,ปริญญาตรี,5,25300,3.8,1,มี,42,ออฟฟิศ,ลาออก
EMP0448,ขาย,พนักงานขาย,ชาย,36,ปริญญาตรี,4,20000,5,1,มี,35,Hybrid,อยู่ต่อ
EMP0076,ปฏิบัติการ,ผู้จัดการโรงงาน,ชาย,42,ปริญญาตรี,14,61000,2.5,4,ไม่มี,58,Hybrid,อยู่ต่อ
EMP0004,ปฏิบัติการ,พนักงานคลังสินค้า,ชาย,36,ปริญญาตรี,2,15600,2.9,5,มี,42,ออฟฟิศ,อยู่ต่อ
EMP0480,การตลาด,Marketing Executive,หญิง,30,ปริญญาตรี,2,25800,3.1,4,ไม่มี,27,WFH,อยู่ต่อ
EMP0740,ขาย,ผู้จัดการฝ่ายขาย,ชาย,46,ปริญญาตรี,17,78300,2.9,3,ไม่มี,21,ออฟฟิศ,อยู่ต่อ
EMP0692,ขาย,ผู้จัดการฝ่ายขาย,หญิง,40,ปริญญาตรี,9,68400,2.6,4,ไม่มี,4,Hybrid,อยู่ต่อ
EMP0780,ขาย,พนักงานขาย,ชาย,37,ปริญญาตรี,7,23300,4.0,2,ไม่มี,36,ออฟฟิศ,อยู่ต่อ
EMP0339,IT,Developer,หญิง,28,ปริญญาตรี,4,31400,3.2,2,ไม่มี,8,ออฟฟิศ,ลาออก
EMP0031,ขาย,พนักงานขาย,หญิง,33,ปริญญาโท,0,18200,3.2,3,ไม่มี,15,ออฟฟิศ,อยู่ต่อ
EMP0134,ขาย,พนักงานขาย,หญิง,34,ปวส.,0,18800,3.7,4,มี,36,ออฟฟิศ,ลาออก
EMP0192,บัญชี,เจ้าหน้าที่บัญชี,ชาย,29,ปริญญาตรี,4,22900,2.9,2,ไม่มี,27,Hybrid,ลาออก
EMP0096,บุคคล,Recruiter,หญิง,29,ปวส.,6,48900,3.2,1,ไม่มี,5,ออฟฟิศ,ลาออก
EMP0708,บัญชี,เจ้าหน้าที่บัญชี,ชาย,32,ปริญญาตรี,7,30100,3.5,1,มี,40,Hybrid,อยู่ต่อ
EMP0358,ปฏิบัติการ,พนักงานคลังสินค้า,หญิง,29,ปริญญาตรี,6,19600,3.9,2,ไม่มี,24,ออฟฟิศ,อยู่ต่อ
EMP0087,บัญชี,เจ้าหน้าที่บัญชี,หญิง,37,ปริญญาตรี,7,27600,3.0,3,มี,60,ออฟฟิศ,อยู่ต่อ
EMP0380,ปฏิบัติการ,พนักงานคลังสินค้า,ชาย,36,ปริญญาโท,3,17900,3.0,4,ไม่มี,15,ออฟฟิศ,อยู่ต่อ
EMP0612,ขาย,พนักงานขาย,ชาย,35,ปริญญาโท,5,22500,2.1,4,มี,54,ออฟฟิศ,อยู่ต่อ
EMP0105,IT,Developer,ชาย,31,ปริญญาตรี,4,33400,4.0,5,ไม่มี,40,ออฟฟิศ,อยู่ต่อ
EMP0334,IT,Developer,ชาย,38,ปริญญาโท,8,37600,2.9,2,ไม่มี,43,Hybrid,อยู่ต่อ
EMP0629,IT,Data Analyst,ชาย,44,ปริญญาตรี,13,87700,2.9,1,ไม่มี,30,ออฟฟิศ,ลาออก
EMP0777,IT,IT Manager,ชาย,42,ปริญญาตรี,12,169000,4.7,3,ไม่มี,13,Hybrid,อยู่ต่อ
EMP0510,ปฏิบัติการ,พนักงานคลังสินค้า,หญิง,31,ปริญญาโท,8,22700,2.8,1,ไม่มี,30,Hybrid,อยู่ต่อ
EMP0049,ขาย,พนักงานขาย,ชาย,34,ปริญญาตรี,6,24300,3.4,5,ไม่มี,6,ออฟฟิศ,อยู่ต่อ
EMP0465,บุคคล,เจ้าหน้าที่ HR,หญิง,36,ปริญญาตรี,8,24200,3.7,2,มี,3,Hybrid,อยู่ต่อ
EMP0586,ขาย,หัวหน้าทีมขาย,หญิง,39,ปวส.,5,41000,2.3,2,มี,45,ออฟฟิศ,อยู่ต่อ
EMP0548,การตลาด,Marketing Executive,หญิง,33,ปริญญาตรี,0,23700,3.8,2,ไม่มี,52,ออฟฟิศ,อยู่ต่อ
EMP0598,ปฏิบัติการ,พนักงานคลังสินค้า,หญิง,43,ปวส.,11,22800,4.0,3,ไม่มี,10,Hybrid,อยู่ต่อ
EMP0781,ขาย,พนักงานขาย,ชาย,28,ปริญญาตรี,0,19800,3.5,4,ไม่มี,17,Hybrid,อยู่ต่อ
EMP0171,ปฏิบัติการ,พนักงานคลังสินค้า,ชาย,25,ปริญญาตรี,0,14400,3.3,5,มี,22,Hybrid,อยู่ต่อ
EMP0678,ขาย,พนักงานขาย,หญิง,22,ปริญญาตรี,0,18300,2.5,4,มี,19,WFH,อยู่ต่อ
EMP0601,บัญชี,เจ้าหน้าที่บัญชี,ชาย,37,ปวส.,5,24200,4.1,4,มี,3,ออฟฟิศ,ลาออก
EMP0120,ขาย,พนักงานขาย,หญิง,35,ปวส.,7,21400,4.0,2,ไม่มี,5,ออฟฟิศ,อยู่ต่อ
EMP0128,ปฏิบัติการ,พนักงานคลังสินค้า,ชาย,37,ปริญญาตรี,6,17200,2.8,2,มี,27,Hybrid,อยู่ต่อ
EMP0575,ปฏิบัติการ,ผู้จัดการโรงงาน,ชาย,38,ปวส.,12,65700,3.6,4,มี,60,ออฟฟิศ,อยู่ต่อ
EMP0453,IT,Data Analyst,หญิง,32,ปริญญาตรี,7,63800,4.3,1,ไม่มี,,ออฟฟิศ,อยู่ต่อ
EMP0099,ปฏิบัติการ,หัวหน้างาน,ชาย,39,ปริญญาตรี,9,39000,3.5,3,ไม่มี,18,ออฟฟิศ,อยู่ต่อ
EMP0700,IT,Developer,ชาย,38,ปริญญาตรี,5,36600,2.9,3,ไม่มี,55,ออฟฟิศ,ลาออก
EMP0108,ขาย,พนักงานขาย,ชาย,38,ปริญญาตรี,4,23800,3.5,2,ไม่มี,9,ออฟฟิศ,อยู่ต่อ
EMP0579,ปฏิบัติการ,หัวหน้างาน,หญิง,33,ปริญญาตรี,8,40000,3.1,5,ไม่มี,59,ออฟฟิศ,อยู่ต่อ
EMP0446,IT,Developer,หญิง,35,ปวส.,6,40300,4.0,4,ไม่มี,15,Hybrid,อยู่ต่อ
EMP0458,การตลาด,ผู้จัดการการตลาด,หญิง,38,ปริญญาโท,13,79800,3.3,4,ไม่มี,12,ออฟฟิศ,อยู่ต่อ
EMP0428,ขาย,ผู้จัดการฝ่ายขาย,หญิง,36,ปริญญาตรี,9,57400,3.2,5,ไม่มี,5,ออฟฟิศ,อยู่ต่อ
EMP0663,บัญชี,เจ้าหน้าที่บัญชี,ชาย,39,ปวส.,8,26400,3.6,1,มี,51,Hybrid,ลาออก
EMP0628,IT,Developer,ชาย,38,ปริญญาตรี,4,33700,3.0,3,มี,46,WFH,อยู่ต่อ
EMP0523,บุคคล,เจ้าหน้าที่ HR,หญิง,33,ปริญญาตรี,5,25800,3.7,4,ไม่มี,56,Hybrid,อยู่ต่อ
EMP0476,บุคคล,เจ้าหน้าที่ HR,หญิง,29,ปริญญาโท,0,21500,3.6,2,มี,55,ออฟฟิศ,อยู่ต่อ
EMP0782,ปฏิบัติการ,พนักงานคลังสินค้า,ชาย,37,ปริญญาตรี,7,20500,3.9,1,ไม่มี,26,ออฟฟิศ,ลาออก
EMP0307,การตลาด,ผู้จัดการการตลาด,หญิง,38,ปริญญาตรี,13,80900,4.4,5,ไม่มี,46,ออฟฟิศ,ลาออก
EMP0003,บัญชี,เจ้าหน้าที่บัญชี,ชาย,36,ปริญญาตรี,4,25200,4.7,3,มี,37,ออฟฟิศ,อยู่ต่อ
EMP0280,ปฏิบัติการ,พนักงานคลังสินค้า,ชาย,29,ปริญญาตรี,4,18600,3.7,1,ไม่มี,4,ออฟฟิศ,อยู่ต่อ
EMP0776,บัญชี,เจ้าหน้าที่บัญชี,ชาย,29,ปริญญาตรี,1,23900,4.2,3,ไม่มี,37,ออฟฟิศ,อยู่ต่อ
EMP0174,IT,Developer,ชาย,31,ปริญญาตรี,1,34500,3.1,3,ไม่มี,9,WFH,อยู่ต่อ
EMP0798,IT,Data Analyst,ชาย,39,ปวส.,15,92300,3.5,1,ไม่มี,3,ออฟฟิศ,อยู่ต่อ
EMP0462,IT,Developer,ชาย,33,,5,37100,3.4,3,ไม่มี,10,ออฟฟิศ,อยู่ต่อ
EMP0452,ขาย,พนักงานขาย,หญิง,33,ปวส.,0,16700,3.2,1,ไม่มี,38,ออฟฟิศ,อยู่ต่อ
EMP0642,ปฏิบัติการ,หัวหน้างาน,ชาย,47,ปริญญาตรี,13,40300,3.6,1,ไม่มี,42,Hybrid,อยู่ต่อ
EMP0164,ปฏิบัติการ,พนักงานคลังสินค้า,ชาย,30,ปริญญาตรี,0,16600,1.5,4,ไม่มี,21,ออฟฟิศ,อยู่ต่อ
EMP0084,บุคคล,เจ้าหน้าที่ HR,ชาย,29,ปวส.,5,24800,1.9,3,มี,11,Hybrid,อยู่ต่อ
EMP0545,ขาย,หัวหน้าทีมขาย,หญิง,30,ปวส.,8,48500,2.4,3,ไม่มี,55,Hybrid,อยู่ต่อ
EMP0064,บัญชี,เจ้าหน้าที่บัญชี,หญิง,36,ปวส.,5,27700,2.7,3,ไม่มี,16,ออฟฟิศ,อยู่ต่อ
EMP0704,การตลาด,Marketing Executive,หญิง,24,ปริญญาตรี,0,22900,4.5,3,มี,28,Hybrid,ลาออก
EMP0460,ปฏิบัติการ,ผู้จัดการโรงงาน,หญิง,43,ปริญญาตรี,13,63400,2.8,1,มี,27,ออฟฟิศ,ลาออก
EMP0583,IT,Data Analyst,หญิง,41,ปริญญาตรี,11,72300,4.4,4,ไม่มี,48,Hybrid,ลาออก
EMP0203,ปฏิบัติการ,ผู้จัดการโรงงาน,ชาย,43,ปริญญาตรี,9,52900,4.6,5,ไม่มี,40,Hybrid,อยู่ต่อ
EMP0797,บัญชี,เจ้าหน้าที่บัญชี,หญิง,35,ปริญญาตรี,6,29900,3.3,3,ไม่มี,52,Hybrid,อยู่ต่อ
EMP0183,บัญชี,เจ้าหน้าที่บัญชี,หญิง,39,ปริญญาตรี,8,27400,3.0,3,ไม่มี,0,ออฟฟิศ,อยู่ต่อ
EMP0762,ขาย,หัวหน้าทีมขาย,ชาย,45,ปริญญาตรี,16,51900,3.6,1,มี,27,ออฟฟิศ,อยู่ต่อ
EMP0654,ปฏิบัติการ,พนักงานคลังสินค้า,หญิง,40,ปวส.,10,24000,4.4,2,ไม่มี,52,Hybrid,ลาออก
EMP0592,IT,Developer,หญิง,37,ปริญญาโท,7,35800,4.1,3,ไม่มี,10,WFH,อยู่ต่อ
EMP0668,ปฏิบัติการ,พนักงานคลังสินค้า,หญิง,29,ปริญญาโท,5,18800,3.2,3,ไม่มี,50,Hybrid,อยู่ต่อ
EMP0705,ปฏิบัติการ,หัวหน้างาน,หญิง,45,ปริญญาตรี,12,41300,3.4,3,ไม่มี,45,Hybrid,อยู่ต่อ
EMP0645,ปฏิบัติการ,พนักงานคลังสินค้า,หญิง,42,ปริญญาตรี,9,18500,3.8,5,ไม่มี,36,ออฟฟิศ,อยู่ต่อ
EMP0182,การตลาด,Marketing Executive,ชาย,34,ปวส.,9,33600,1.7,3,ไม่มี,4,Hybrid,อยู่ต่อ
EMP0231,ขาย,ผู้จัดการฝ่ายขาย,ชาย,35,ปวส.,9,60200,3.7,1,ไม่มี,16,Hybrid,อยู่ต่อ
EMP0265,ปฏิบัติการ,ผู้จัดการโรงงาน,หญิง,39,ปวส.,13,64000,3.2,4,มี,18,Hybrid,อยู่ต่อ
EMP0414,บุคคล,เจ้าหน้าที่ HR,ชาย,29,ปวส.,0,21900,3.5,2,ไม่มี,51,ออฟฟิศ,อยู่ต่อ
EMP0250,IT,Developer,ชาย,35,ปริญญาตรี,6,33900,3.1,4,ไม่มี,8,ออฟฟิศ,อยู่ต่อ
EMP0795,ขาย,พนักงานขาย,ชาย,44,ปวส.,10,23900,4.1,4,ไม่มี,11,WFH,อยู่ต่อ
EMP0073,ปฏิบัติการ,ผู้จัดการโรงงาน,ชาย,42,ปวส.,16,67000,4.1,2,ไม่มี,16,ออฟฟิศ,ลาออก
EMP0679,บุคคล,เจ้าหน้าที่ HR,ชาย,25,ปวส.,2,23200,4.5,2,ไม่มี,60,Hybrid,อยู่ต่อ
EMP0180,IT,Developer,ชาย,41,ปริญญาตรี,9,39000,3.6,3,ไม่มี,35,Hybrid,อยู่ต่อ
EMP0135,ขาย,พนักงานขาย,ชาย,44,ปริญญาตรี,11,25500,2.6,3,ไม่มี,50,ออฟฟิศ,อยู่ต่อ
EMP0300,ปฏิบัติการ,พนักงานคลังสินค้า,ชาย,34,ปริญญาตรี,9,23400,3.5,1,มี,5,ออฟฟิศ,อยู่ต่อ
EMP0214,บัญชี,นักวิเคราะห์การเงิน,ชาย,31,ปริญญาตรี,5,51300,4.3,2,ไม่มี,14,WFH,ลาออก
EMP0534,ขาย,หัวหน้าทีมขาย,ชาย,41,ปริญญาโท,9,50200,2.6,5,มี,46,ออฟฟิศ,อยู่ต่อ
EMP0511,ปฏิบัติการ,พนักงานคลังสินค้า,ชาย,26,ปริญญาตรี,3,17800,3.5,3,ไม่มี,24,Hybrid,อยู่ต่อ
EMP0753,ขาย,พนักงานขาย,หญิง,27,ปริญญาตรี,2,21400,2.6,3,ไม่มี,12,Hybrid,อยู่ต่อ
EMP0126,ขาย,หัวหน้าทีมขาย,ชาย,38,ปริญญาตรี,4,41100,4.2,5,ไม่มี,34,ออฟฟิศ,อยู่ต่อ
EMP0536,ปฏิบัติการ,พนักงานคลังสินค้า,ชาย,25,ปวส.,3,18200,3.6,3,ไม่มี,28,ออฟฟิศ,อยู่ต่อ
EMP0316,ปฏิบัติการ,พนักงานคลังสินค้า,หญิง,31,ปริญญาโท,6,17000,3.1,3,มี,31,ออฟฟิศ,อยู่ต่อ
EMP0377,ขาย,หัวหน้าทีมขาย,ชาย,33,ปริญญาตรี,11,50000,2.8,1,ไม่มี,24,ออฟฟิศ,อยู่ต่อ
EMP0106,ขาย,พนักงานขาย,ชาย,37,ปริญญาตรี,5,22200,3.0,1,มี,11,Hybrid,อยู่ต่อ
EMP0048,การตลาด,Marketing Executive,หญิง,32,ปริญญาตรี,1,23000,4.5,5,ไม่มี,24,ออฟฟิศ,อยู่ต่อ
EMP0576,บุคคล,เจ้าหน้าที่ HR,หญิง,35,ปริญญาตรี,4,24100,2.5,4,มี,12,ออฟฟิศ,ลาออก
EMP0211,ปฏิบัติการ,พนักงานคลังสินค้า,ชาย,34,ปริญญาตรี,5,17800,3.0,1,ไม่มี,2,Hybrid,ลาออก
EMP0319,การตลาด,Marketing Executive,หญิง,33,ปวส.,5,24800,2.8,3,มี,51,ออฟฟิศ,อยู่ต่อ
EMP0115,ปฏิบัติการ,หัวหน้างาน,ชาย,33,ปริญญาตรี,11,43100,3.4,2,ไม่มี,29,ออฟฟิศ,อยู่ต่อ
EMP0396,บัญชี,เจ้าหน้าที่บัญชี,หญิง,35,ปริญญาตรี,4,27600,2.8,1,มี,3,ออฟฟิศ,ลาออก
EMP0346,บัญชี,เจ้าหน้าที่บัญชี,ชาย,37,ปวส.,7,30200,,3,ไม่มี,6,ออฟฟิศ,อยู่ต่อ
EMP0248,ปฏิบัติการ,พนักงานคลังสินค้า,หญิง,29,ปริญญาตรี,4,19400,2.5,5,ไม่มี,32,WFH,อยู่ต่อ
EMP0191,IT,Developer,หญิง,26,ปริญญาโท,4,37300,3.8,2,ไม่มี,56,ออฟฟิศ,อยู่ต่อ
EMP0181,IT,Data Analyst,ชาย,26,ปริญญาตรี,1,59100,2.8,2,ไม่มี,25,ออฟฟิศ,อยู่ต่อ
EMP0341,ปฏิบัติการ,พนักงานคลังสินค้า,หญิง,26,ปริญญาตรี,4,18200,4.7,2,มี,22,ออฟฟิศ,อยู่ต่อ
EMP0194,การตลาด,Content Creator,ชาย,45,ปริญญาตรี,11,59900,3.6,3,ไม่มี,44,ออฟฟิศ,อยู่ต่อ
EMP0059,ปฏิบัติการ,พนักงานคลังสินค้า,ชาย,33,ปริญญาตรี,6,17700,4.7,2,ไม่มี,45,Hybrid,อยู่ต่อ
EMP0282,ปฏิบัติการ,พนักงานคลังสินค้า,ชาย,40,ปริญญาตรี,10,20000,2.5,4,ไม่มี,24,ออฟฟิศ,อยู่ต่อ
EMP0662,ปฏิบัติการ,ผู้จัดการโรงงาน,ชาย,42,ปวส.,10,51500,2.7,1,ไม่มี,33,Hybrid,อยู่ต่อ
EMP0340,ขาย,พนักงานขาย,หญิง,30,ปวส.,7,21700,4.1,3,มี,40,ออฟฟิศ,อยู่ต่อ
EMP0588,ขาย,พนักงานขาย,หญิง,38,ปริญญาตรี,8,23800,4.1,4,ไม่มี,30,Hybrid,อยู่ต่อ
EMP0302,ขาย,พนักงานขาย,หญิง,40,ปวส.,6,23600,5.0,3,ไม่มี,32,ออฟฟิศ,อยู่ต่อ
EMP0522,ปฏิบัติการ,พนักงานคลังสินค้า,ชาย,30,ปริญญาตรี,7,18700,2.9,2,ไม่มี,8,Hybrid,อยู่ต่อ
EMP0486,บุคคล,เจ้าหน้าที่ HR,หญิง,26,ปริญญาตรี,3,25600,3.9,1,มี,31,ออฟฟิศ,ลาออก
EMP0531,IT,Developer,ชาย,30,ปวส.,2,33800,2.5,2,มี,50,WFH,อยู่ต่อ
EMP0709,บัญชี,ผู้จัดการบัญชี,ชาย,40,ปวส.,14,97500,2.1,3,ไม่มี,6,Hybrid,อยู่ต่อ
EMP0789,ปฏิบัติการ,หัวหน้างาน,หญิง,33,ปริญญาตรี,6,30700,3.5,4,มี,7,ออฟฟิศ,ลาออก
EMP0059,ปฏิบัติการ,พนักงานคลังสินค้า,ชาย,33,ปริญญาตรี,6,17700,4.7,2,ไม่มี,45,Hybrid,อยู่ต่อ
EMP0682,ขาย,พนักงานขาย,หญิง,30,ปริญญาตรี,0,20000,4.0,3,ไม่มี,44,ออฟฟิศ,อยู่ต่อ
EMP0420,บุคคล,เจ้าหน้าที่ HR,ชาย,26,ปริญญาตรี,0,19400,3.7,1,ไม่มี,18,WFH,ลาออก
EMP0686,บุคคล,เจ้าหน้าที่ HR,หญิง,30,ปริญญาตรี,5,23800,2.9,5,ไม่มี,48,ออฟฟิศ,อยู่ต่อ
EMP0297,ขาย,พนักงานขาย,ชาย,33,ปริญญาตรี,0,20000,4.0,2,ไม่มี,53,ออฟฟิศ,อยู่ต่อ
EMP0540,ขาย,พนักงานขาย,ชาย,35,ปริญญาตรี,10,25500,4.1,1,ไม่มี,58,ออฟฟิศ,ลาออก
EMP0732,บัญชี,นักวิเคราะห์การเงิน,หญิง,29,ปริญญาตรี,6,53500,3.8,4,ไม่มี,53,ออฟฟิศ,อยู่ต่อ
EMP0572,IT,Developer,หญิง,34,ปริญญาตรี,5,34500,3.7,1,มี,53,Hybrid,ลาออก
EMP0400,ปฏิบัติการ,หัวหน้างาน,หญิง,36,ปริญญาตรี,3,30900,2.7,3,มี,35,Hybrid,อยู่ต่อ
EMP0552,ขาย,พนักงานขาย,หญิง,31,ปริญญาตรี,7,22400,1.9,5,มี,19,ออฟฟิศ,อยู่ต่อ
EMP0381,ปฏิบัติการ,หัวหน้างาน,หญิง,31,ปวส.,8,34300,3.8,1,มี,25,Hybrid,อยู่ต่อ
EMP0028,บัญชี,นักวิเคราะห์การเงิน,ชาย,27,ปริญญาตรี,5,49500,3.8,2,ไม่มี,0,ออฟฟิศ,อยู่ต่อ
EMP0739,ปฏิบัติการ,พนักงานคลังสินค้า,ชาย,29,ปริญญาตรี,0,15200,3.4,4,มี,15,ออฟฟิศ,อยู่ต่อ
EMP0312,ขาย,พนักงานขาย,หญิง,38,ปริญญาตรี,4,22200,3.8,2,ไม่มี,8,ออฟฟิศ,อยู่ต่อ
EMP0657,บุคคล,เจ้าหน้าที่ HR,หญิง,34,ปริญญาตรี,8,26200,3.9,2,มี,17,Hybrid,ลาออก
EMP0038,การตลาด,Marketing Executive,หญิง,30,ปวส.,4,28900,3.3,5,ไม่มี,47,WFH,อยู่ต่อ
EMP0125,บุคคล,เจ้าหน้าที่ HR,ชาย,28,ปริญญาตรี,6,23500,2.7,2,ไม่มี,15,ออฟฟิศ,ลาออก
EMP0578,ขาย,พนักงานขาย,หญิง,37,ปริญญาตรี,9,24300,3.4,3,มี,15,ออฟฟิศ,อยู่ต่อ
EMP0271,ปฏิบัติการ,พนักงานคลังสินค้า,ชาย,37,ปริญญาตรี,5,19100,3.8,5,มี,58,ออฟฟิศ,อยู่ต่อ
EMP0025,ขาย,พนักงานขาย,หญิง,27,ปริญญาตรี,0,16500,3.4,1,ไม่มี,15,ออฟฟิศ,อยู่ต่อ
EMP0492,การตลาด,Marketing Executive,ชาย,34,ปวส.,6,28300,4.3,2,มี,17,ออฟฟิศ,อยู่ต่อ
EMP0197,IT,Data Analyst,หญิง,37,ปริญญาตรี,5,63200,3.8,2,มี,33,ออฟฟิศ,ลาออก
EMP0557,IT,Developer,หญิง,33,ปวส.,7,36200,2.1,2,มี,31,ออฟฟิศ,อยู่ต่อ
EMP0189,ปฏิบัติการ,พนักงานคลังสินค้า,หญิง,26,ปวส.,4,19300,3.3,5,มี,15,ออฟฟิศ,อยู่ต่อ
EMP0591,ขาย,พนักงานขาย,ชาย,37,ปริญญาตรี,4,22800,4.0,4,ไม่มี,12,ออฟฟิศ,อยู่ต่อ
EMP0528,ปฏิบัติการ,พนักงานคลังสินค้า,หญิง,39,ปริญญาตรี,12,20800,3.7,4,ไม่มี,4,Hybrid,อยู่ต่อ
EMP0289,ปฏิบัติการ,หัวหน้างาน,ชาย,32,ปริญญาตรี,7,37000,3.6,5,ไม่มี,7,Hybrid,ลาออก
EMP0630,ขาย,พนักงานขาย,ชาย,32,ปริญญาตรี,7,25200,2.5,3,ไม่มี,60,ออฟฟิศ,อยู่ต่อ
EMP0195,IT,Data Analyst,ชาย,30,ปริญญาตรี,8,69100,3.1,2,มี,2,Hybrid,ลาออก
EMP0466,ปฏิบัติการ,พนักงานคลังสินค้า,หญิง,32,ปริญญาโท,9,21000,3.2,3,ไม่มี,15,ออฟฟิศ,อยู่ต่อ
EMP0165,ปฏิบัติการ,หัวหน้างาน,ชาย,31,ปริญญาตรี,5,34900,3.2,2,มี,28,WFH,อยู่ต่อ
EMP0696,ปฏิบัติการ,พนักงานคลังสินค้า,หญิง,34,ปริญญาตรี,3,16500,3.4,4,ไม่มี,30,ออฟฟิศ,อยู่ต่อ
EMP0690,ขาย,หัวหน้าทีมขาย,หญิง,34,ปวส.,4,42300,4.9,4,มี,15,ออฟฟิศ,อยู่ต่อ
EMP0544,การตลาด,Marketing Executive,ชาย,28,ปริญญาตรี,5,28300,2.6,1,ไม่มี,17,ออฟฟิศ,อยู่ต่อ
EMP0262,IT,Data Analyst,ชาย,32,ปริญญาโท,6,72200,4.1,3,ไม่มี,59,ออฟฟิศ,อยู่ต่อ
EMP0351,ขาย,พนักงานขาย,ชาย,32,ปริญญาโท,1,17900,,1,ไม่มี,28,Hybrid,อยู่ต่อ
EMP0222,IT,Data Analyst,ชาย,40,ปริญญาตรี,6,64100,3.9,3,ไม่มี,36,Hybrid,อยู่ต่อ
EMP0773,IT,Developer,หญิง,43,ปริญญาตรี,9,40300,2.7,2,มี,34,WFH,อยู่ต่อ
EMP0350,ปฏิบัติการ,ผู้จัดการโรงงาน,หญิง,35,ปริญญาตรี,13,66600,1.9,5,ไม่มี,24,ออฟฟิศ,อยู่ต่อ
EMP0242,ขาย,พนักงานขาย,หญิง,37,ปริญญาตรี,6,21800,2.3,5,ไม่มี,7,Hybrid,อยู่ต่อ
EMP0714,IT,Developer,ชาย,32,ปริญญาตรี,9,46300,3.7,3,มี,26,ออฟฟิศ,อยู่ต่อ
EMP0370,ขาย,พนักงานขาย,หญิง,39,ปริญญาตรี,5,24000,3.1,3,ไม่มี,32,Hybrid,ลาออก
EMP0653,บัญชี,นักวิเคราะห์การเงิน,ชาย,39,ปริญญาตรี,13,62500,3.1,1,มี,18,ออฟฟิศ,อยู่ต่อ
EMP0473,ขาย,พนักงานขาย,หญิง,26,ปริญญาตรี,2,18600,3.9,2,ไม่มี,41,Hybrid,อยู่ต่อ
EMP0464,ปฏิบัติการ,ผู้จัดการโรงงาน,หญิง,38,ปริญญาโท,11,64100,3.4,3,ไม่มี,10,Hybrid,อยู่ต่อ
EMP0352,การตลาด,Content Creator,หญิง,31,ปวส.,8,56300,4.5,3,มี,59,ออฟฟิศ,ลาออก
EMP0567,ปฏิบัติการ,พนักงานคลังสินค้า,หญิง,30,ปริญญาตรี,4,16400,2.5,1,ไม่มี,0,WFH,อยู่ต่อ
EMP0603,IT,Developer,หญิง,35,ปริญญาตรี,7,40700,3.7,3,ไม่มี,18,Hybrid,ลาออก
EMP0362,ขาย,ผู้จัดการฝ่ายขาย,หญิง,42,ปวส.,12,74200,3.7,1,ไม่มี,13,Hybrid,อยู่ต่อ
EMP0229,บัญชี,เจ้าหน้าที่บัญชี,หญิง,32,ปริญญาตรี,9,31700,2.4,3,ไม่มี,46,ออฟฟิศ,อยู่ต่อ
EMP0698,ปฏิบัติการ,หัวหน้างาน,หญิง,28,ปริญญาตรี,6,36400,4.8,5,ไม่มี,18,ออฟฟิศ,ลาออก
EMP0490,ขาย,หัวหน้าทีมขาย,หญิง,37,ปริญญาตรี,7,46500,4.1,3,ไม่มี,58,ออฟฟิศ,อยู่ต่อ
EMP0766,IT,Data Analyst,หญิง,42,ปวส.,10,80200,3.2,2,ไม่มี,43,WFH,ลาออก
EMP0693,IT,Developer,หญิง,27,ปริญญาโท,2,35800,3.9,2,ไม่มี,43,WFH,อยู่ต่อ
EMP0532,การตลาด,Marketing Executive,หญิง,35,ปริญญาตรี,3,27000,3.7,5,ไม่มี,14,Hybrid,อยู่ต่อ
EMP0295,ปฏิบัติการ,พนักงานคลังสินค้า,ชาย,27,ปริญญาตรี,3,19000,2.3,5,ไม่มี,10,Hybrid,อยู่ต่อ
EMP0712,การตลาด,Marketing Executive,หญิง,35,ปริญญาโท,2,25600,2.6,5,ไม่มี,50,ออฟฟิศ,อยู่ต่อ
EMP0080,IT,Developer,หญิง,35,ปริญญาโท,5,34000,3.7,5,มี,21,WFH,อยู่ต่อ
EMP0699,บัญชี,เจ้าหน้าที่บัญชี,หญิง,31,ปริญญาโท,6,27700,3.9,1,ไม่มี,54,Hybrid,ลาออก
EMP0184,การตลาด,Marketing Executive,ชาย,33,ปริญญาตรี,2,26500,3.4,3,ไม่มี,9,Hybrid,ลาออก
EMP0379,การตลาด,Marketing Executive,ชาย,37,ปวส.,3,22400,3.7,2,ไม่มี,16,Hybrid,อยู่ต่อ
EMP0718,การตลาด,Marketing Executive,หญิง,33,ปริญญาตรี,8,30800,4.3,5,มี,29,Hybrid,ลาออก
EMP0676,ปฏิบัติการ,พนักงานคลังสินค้า,หญิง,30,ปริญญาตรี,2,17500,2.5,1,มี,28,Hybrid,อยู่ต่อ
EMP0061,IT,Developer,ชาย,30,ปริญญาตรี,5,37500,2.8,2,ไม่มี,15,Hybrid,ลาออก
EMP0763,บัญชี,เจ้าหน้าที่บัญชี,หญิง,37,ปริญญาตรี,7,27200,4.2,3,มี,,Hybrid,อยู่ต่อ
EMP0392,IT,IT Support,หญิง,41,ปวส.,7,107300,2.7,4,ไม่มี,11,ออฟฟิศ,อยู่ต่อ
EMP0036,ปฏิบัติการ,ผู้จัดการโรงงาน,ชาย,40,ปริญญาตรี,11,62900,2.8,1,ไม่มี,19,Hybrid,อยู่ต่อ
EMP0728,ปฏิบัติการ,หัวหน้างาน,ชาย,36,ปริญญาตรี,5,31500,3.2,2,มี,15,ออฟฟิศ,อยู่ต่อ
EMP0475,ปฏิบัติการ,พนักงานคลังสินค้า,ชาย,23,ปริญญาตรี,0,14600,3.4,4,ไม่มี,31,ออฟฟิศ,อยู่ต่อ
EMP0644,ปฏิบัติการ,พนักงานคลังสินค้า,ชาย,36,ปริญญาตรี,2,18600,4.1,4,ไม่มี,20,Hybrid,อยู่ต่อ
EMP0264,ปฏิบัติการ,พนักงานคลังสินค้า,ชาย,41,ปริญญาตรี,8,17900,3.9,2,ไม่มี,58,ออฟฟิศ,อยู่ต่อ
EMP0489,ขาย,พนักงานขาย,ชาย,28,ปริญญาโท,1,18100,3.0,3,มี,38,ออฟฟิศ,ลาออก
EMP0561,ปฏิบัติการ,พนักงานคลังสินค้า,หญิง,30,ปริญญาตรี,2,16400,3.0,4,ไม่มี,25,WFH,อยู่ต่อ
EMP0517,ขาย,พนักงานขาย,หญิง,37,ปริญญาตรี,4,20200,3.0,3,ไม่มี,13,ออฟฟิศ,อยู่ต่อ
EMP0212,การตลาด,Marketing Executive,ชาย,32,ปริญญาตรี,5,26500,2.4,2,มี,49,WFH,อยู่ต่อ
EMP0201,ขาย,พนักงานขาย,ชาย,34,ปริญญาโท,1,21400,2.9,2,ไม่มี,21,Hybrid,ลาออก
EMP0506,การตลาด,Marketing Executive,ชาย,23,ปริญญาโท,0,19800,3.8,4,ไม่มี,26,ออฟฟิศ,อยู่ต่อ
EMP0288,ปฏิบัติการ,หัวหน้างาน,ชาย,38,ปริญญาตรี,11,36800,3.5,4,ไม่มี,23,ออฟฟิศ,อยู่ต่อ
EMP0318,ปฏิบัติการ,หัวหน้างาน,หญิง,36,ปริญญาตรี,4,32800,2.6,5,มี,51,Hybrid,อยู่ต่อ
EMP0587,บัญชี,เจ้าหน้าที่บัญชี,หญิง,30,ปริญญาตรี,0,22500,3.6,3,ไม่มี,26,Hybrid,อยู่ต่อ
EMP0092,การตลาด,ผู้จัดการการตลาด,หญิง,36,ปริญญาตรี,6,69200,2.8,4,ไม่มี,29,ออฟฟิศ,อยู่ต่อ
EMP0615,ขาย,พนักงานขาย,ชาย,25,ปริญญาโท,0,17600,2.9,2,มี,27,ออฟฟิศ,อยู่ต่อ
EMP0691,ปฏิบัติการ,พนักงานคลังสินค้า,หญิง,34,ปวส.,5,18200,4.9,3,ไม่มี,0,ออฟฟิศ,ลาออก
EMP0633,บุคคล,Recruiter,ชาย,43,ปริญญาตรี,13,58300,2.7,4,ไม่มี,23,ออฟฟิศ,อยู่ต่อ
EMP0788,การตลาด,Marketing Executive,หญิง,35,ปวส.,5,28700,1.8,1,ไม่มี,36,ออฟฟิศ,อยู่ต่อ
EMP0467,ขาย,หัวหน้าทีมขาย,หญิง,32,ปริญญาตรี,6,36800,4.1,2,มี,54,WFH,ลาออก
EMP0527,IT,Developer,หญิง,31,ปริญญาตรี,2,29600,3.7,4,ไม่มี,53,ออฟฟิศ,อยู่ต่อ
EMP0424,ปฏิบัติการ,พนักงานคลังสินค้า,หญิง,37,ปริญญาโท,3,19200,3.6,1,ไม่มี,43,ออฟฟิศ,ลาออก
EMP0322,IT,Developer,หญิง,30,ปริญญาตรี,5,41200,2.8,4,ไม่มี,44,ออฟฟิศ,อยู่ต่อ
EMP0110,บัญชี,เจ้าหน้าที่บัญชี,หญิง,38,ปริญญาตรี,6,29700,3.4,5,มี,54,WFH,ลาออก
EMP0327,บัญชี,เจ้าหน้าที่บัญชี,ชาย,36,ปริญญาตรี,5,23700,2.2,4,มี,26,Hybrid,อยู่ต่อ
EMP0422,บุคคล,Recruiter,หญิง,36,ปริญญาตรี,7,48500,3.1,1,มี,9,ออฟฟิศ,ลาออก
EMP0329,IT,Developer,ชาย,29,ปริญญาตรี,2,30200,2.9,1,มี,28,ออฟฟิศ,ลาออก
EMP0388,บุคคล,เจ้าหน้าที่ HR,ชาย,29,ปริญญาตรี,1,22700,3.2,1,ไม่มี,32,ออฟฟิศ,อยู่ต่อ
EMP0172,ปฏิบัติการ,พนักงานคลังสินค้า,หญิง,32,ปริญญาตรี,0,14200,3.4,4,มี,13,ออฟฟิศ,อยู่ต่อ
EMP0734,ปฏิบัติการ,พนักงานคลังสินค้า,ชาย,36,ปริญญาตรี,2,15900,2.5,3,ไม่มี,24,WFH,อยู่ต่อ
EMP0359,ขาย,หัวหน้าทีมขาย,หญิง,43,ปริญญาตรี,14,52000,3.8,3,มี,49,Hybrid,อยู่ต่อ
EMP0472,ปฏิบัติการ,หัวหน้างาน,ชาย,34,ปริญญาตรี,7,33300,3.8,4,ไม่มี,59,ออฟฟิศ,อยู่ต่อ
EMP0335,บุคคล,Recruiter,หญิง,40,ปริญญาตรี,9,45000,4.0,3,ไม่มี,56,ออฟฟิศ,อยู่ต่อ
EMP0305,ขาย,หัวหน้าทีมขาย,ชาย,36,ปริญญาตรี,6,40600,2.2,2,มี,48,ออฟฟิศ,ลาออก
EMP0518,บุคคล,เจ้าหน้าที่ HR,หญิง,39,ปวส.,5,25500,3.1,3,ไม่มี,30,ออฟฟิศ,อยู่ต่อ
EMP0726,ปฏิบัติการ,หัวหน้างาน,หญิง,40,ปริญญาโท,6,33000,2.3,3,มี,45,WFH,อยู่ต่อ
EMP0549,การตลาด,Marketing Executive,ชาย,31,ปวส.,8,32800,3.3,1,มี,42,ออฟฟิศ,ลาออก
EMP0017,ปฏิบัติการ,พนักงานคลังสินค้า,หญิง,32,ปริญญาตรี,0,15300,3.1,2,ไม่มี,59,Hybrid,อยู่ต่อ
EMP0669,ปฏิบัติการ,พนักงานคลังสินค้า,ชาย,30,ปริญญาตรี,4,17700,3.3,5,ไม่มี,12,Hybrid,อยู่ต่อ
EMP0711,บัญชี,เจ้าหน้าที่บัญชี,ชาย,27,ปริญญาตรี,3,25900,4.4,5,ไม่มี,59,Hybrid,อยู่ต่อ
EMP0747,ขาย,พนักงานขาย,ชาย,33,ปริญญาตรี,7,25400,2.7,4,ไม่มี,16,Hybrid,อยู่ต่อ
EMP0052,การตลาด,Marketing Executive,ชาย,29,ปริญญาตรี,1,25900,3.5,4,ไม่มี,26,ออฟฟิศ,ลาออก
EMP0247,IT,Developer,ชาย,45,ปริญญาโท,11,40300,3.9,4,ไม่มี,20,ออฟฟิศ,ลาออก
EMP0501,ปฏิบัติการ,พนักงานคลังสินค้า,ชาย,31,ปริญญาตรี,3,15800,3.8,2,มี,2,ออฟฟิศ,ลาออก
EMP0168,การตลาด,Marketing Executive,ชาย,38,ปริญญาตรี,6,26900,3.5,4,ไม่มี,56,Hybrid,อยู่ต่อ
EMP0507,ขาย,พนักงานขาย,ชาย,34,ปริญญาตรี,4,21700,4.8,1,มี,52,Hybrid,อยู่ต่อ
EMP0119,ปฏิบัติการ,พนักงานคลังสินค้า,หญิง,29,ปริญญาตรี,7,19500,4.3,2,ไม่มี,56,Hybrid,อยู่ต่อ
EMP0570,บัญชี,เจ้าหน้าที่บัญชี,หญิง,36,ปริญญาโท,6,24700,3.9,3,มี,44,Hybrid,ลาออก
EMP0072,ปฏิบัติการ,หัวหน้างาน,ชาย,35,ปริญญาโท,6,37500,3.7,2,มี,19,ออฟฟิศ,อยู่ต่อ
EMP0395,IT,Developer,ชาย,34,ปวส.,9,40100,3.0,3,ไม่มี,1,ออฟฟิศ,อยู่ต่อ
EMP0260,ปฏิบัติการ,หัวหน้างาน,หญิง,41,ปริญญาตรี,7,31900,3.4,3,มี,36,Hybrid,อยู่ต่อ
EMP0356,ปฏิบัติการ,ผู้จัดการโรงงาน,ชาย,42,ปวส.,11,57600,3.0,2,มี,14,ออฟฟิศ,อยู่ต่อ
EMP0688,ปฏิบัติการ,พนักงานคลังสินค้า,ชาย,32,ปริญญาตรี,2,14700,2.2,2,มี,32,ออฟฟิศ,ลาออก
EMP0694,ปฏิบัติการ,หัวหน้างาน,หญิง,37,ปริญญาตรี,6,34500,2.0,5,มี,59,ออฟฟิศ,อยู่ต่อ
EMP0131,IT,IT Manager,ชาย,36,ปริญญาตรี,11,132700,4.7,5,มี,8,ออฟฟิศ,อยู่ต่อ
EMP0786,IT,Data Analyst,ชาย,28,ปริญญาตรี,4,68700,3.5,5,ไม่มี,58,ออฟฟิศ,อยู่ต่อ
EMP0309,บัญชี,เจ้าหน้าที่บัญชี,ชาย,33,ปริญญาตรี,3,26300,5,1,ไม่มี,9,ออฟฟิศ,ลาออก
EMP0117,ขาย,พนักงานขาย,ชาย,37,ปริญญาตรี,8,25900,3.4,1,ไม่มี,46,WFH,อยู่ต่อ
EMP0033,ขาย,พนักงานขาย,หญิง,32,ปริญญาตรี,10,25800,,1,ไม่มี,8,ออฟฟิศ,อยู่ต่อ
EMP0338,ขาย,พนักงานขาย,ชาย,37,ปวส.,9,25300,3.0,1,ไม่มี,5,WFH,อยู่ต่อ
EMP0152,ปฏิบัติการ,พนักงานคลังสินค้า,หญิง,32,ปริญญาตรี,10,23300,3.9,2,ไม่มี,38,Hybrid,ลาออก
EMP0770,บัญชี,เจ้าหน้าที่บัญชี,หญิง,32,ปริญญาตรี,7,28400,3.6,3,ไม่มี,51,Hybrid,อยู่ต่อ
EMP0085,IT,IT Support,หญิง,42,ปวส.,14,134700,2.5,2,ไม่มี,40,ออฟฟิศ,อยู่ต่อ
EMP0384,การตลาด,Marketing Executive,ชาย,36,ปริญญาตรี,7,28400,3.8,3,มี,17,ออฟฟิศ,ลาออก
EMP0037,ปฏิบัติการ,พนักงานคลังสินค้า,ชาย,25,ปริญญาโท,2,17000,2.3,5,มี,4,WFH,อยู่ต่อ
EMP0650,บัญชี,เจ้าหน้าที่บัญชี,ชาย,31,ปริญญาโท,8,31400,3.4,4,ไม่มี,0,ออฟฟิศ,อยู่ต่อ
EMP0547,ปฏิบัติการ,พนักงานคลังสินค้า,หญิง,27,ปริญญาโท,3,15800,3.0,5,มี,16,ออฟฟิศ,อยู่ต่อ
EMP0616,การตลาด,Marketing Executive,ชาย,29,ปวส.,4,28900,3.2,5,มี,46,ออฟฟิศ,ลาออก
EMP0677,บัญชี,เจ้าหน้าที่บัญชี,หญิง,32,ปริญญาโท,1,23500,2.4,1,มี,60,ออฟฟิศ,อยู่ต่อ
EMP0348,ปฏิบัติการ,พนักงานคลังสินค้า,ชาย,40,ปริญญาตรี,7,21600,3.2,4,ไม่มี,32,ออฟฟิศ,ลาออก
EMP0573,ขาย,พนักงานขาย,ชาย,31,,3,22800,4.2,2,มี,12,Hybrid,อยู่ต่อ
EMP0249,บุคคล,เจ้าหน้าที่ HR,ชาย,38,ปริญญาโท,4,26400,2.7,3,ไม่มี,5,ออฟฟิศ,อยู่ต่อ
EMP0661,ขาย,พนักงานขาย,หญิง,31,ปริญญาตรี,2,18200,2.4,4,มี,39,ออฟฟิศ,ลาออก
EMP0243,การตลาด,Marketing Executive,ชาย,33,ปริญญาตรี,4,24900,3.8,1,มี,33,Hybrid,อยู่ต่อ
EMP0261,ปฏิบัติการ,พนักงานคลังสินค้า,ชาย,26,ปริญญาตรี,4,16000,2.8,5,ไม่มี,56,ออฟฟิศ,อยู่ต่อ
EMP0037,ปฏิบัติการ,พนักงานคลังสินค้า,ชาย,25,ปริญญาโท,2,17000,2.3,5,มี,4,WFH,อยู่ต่อ
EMP0089,ขาย,พนักงานขาย,ชาย,34,ปริญญาตรี,5,22100,2.2,3,ไม่มี,60,ออฟฟิศ,อยู่ต่อ
EMP0738,ขาย,หัวหน้าทีมขาย,ชาย,28,ปริญญาตรี,3,35500,2.1,5,มี,20,ออฟฟิศ,อยู่ต่อ
EMP0047,ปฏิบัติการ,พนักงานคลังสินค้า,หญิง,36,ปริญญาตรี,7,18900,2.4,5,ไม่มี,59,Hybrid,อยู่ต่อ
EMP0613,ปฏิบัติการ,พนักงานคลังสินค้า,หญิง,30,ปวส.,0,16800,3.6,1,ไม่มี,21,Hybrid,ลาออก
EMP0610,ขาย,พนักงานขาย,ชาย,28,ปริญญาโท,6,20700,2.3,1,ไม่มี,57,ออฟฟิศ,อยู่ต่อ
EMP0186,ปฏิบัติการ,พนักงานคลังสินค้า,ชาย,33,ปวส.,5,18600,3.3,3,ไม่มี,57,ออฟฟิศ,อยู่ต่อ
EMP0605,การตลาด,Marketing Executive,หญิง,30,ปริญญาตรี,5,30100,3.3,5,มี,20,ออฟฟิศ,อยู่ต่อ
EMP0406,บุคคล,Recruiter,หญิง,40,ปริญญาโท,6,48900,4.7,4,มี,41,ออฟฟิศ,อยู่ต่อ
EMP0474,ปฏิบัติการ,พนักงานคลังสินค้า,ชาย,37,ปวส.,6,18100,2.2,1,ไม่มี,22,ออฟฟิศ,อยู่ต่อ
EMP0434,การตลาด,Content Creator,หญิง,35,ปริญญาตรี,7,51100,4.5,1,ไม่มี,11,Hybrid,ลาออก
EMP0744,ขาย,พนักงานขาย,ชาย,28,,0,18100,4.5,5,มี,43,Hybrid,ลาออก
EMP0299,การตลาด,Marketing Executive,ชาย,42,ปริญญาตรี,9,29800,2.7,3,ไม่มี,31,WFH,อยู่ต่อ
EMP0040,การตลาด,Marketing Executive,หญิง,26,ปริญญาตรี,4,29100,4.0,3,มี,31,ออฟฟิศ,อยู่ต่อ
EMP0355,ปฏิบัติการ,หัวหน้างาน,ชาย,41,ปริญญาตรี,7,32700,3.9,1,มี,53,ออฟฟิศ,ลาออก
EMP0565,ขาย,พนักงานขาย,ชาย,39,ปวส.,10,25300,4.2,4,มี,29,WFH,อยู่ต่อ
EMP0730,การตลาด,Marketing Executive,หญิง,38,ปวส.,12,37200,3.7,4,ไม่มี,27,ออฟฟิศ,อยู่ต่อ
EMP0436,การตลาด,Marketing Executive,หญิง,35,ปวส.,6,25700,3.6,1,ไม่มี,11,ออฟฟิศ,อยู่ต่อ
EMP0670,ขาย,หัวหน้าทีมขาย,หญิง,32,ปวส.,4,37700,4.1,1,ไม่มี,15,Hybrid,อยู่ต่อ
EMP0560,IT,Data Analyst,หญิง,42,ปริญญาโท,9,83000,3.5,2,ไม่มี,31,ออฟฟิศ,อยู่ต่อ
EMP0153,ปฏิบัติการ,หัวหน้างาน,หญิง,36,ปริญญาตรี,3,29600,3.6,2,มี,57,Hybrid,ลาออก
EMP0053,IT,Data Analyst,ชาย,37,ปริญญาตรี,10,81100,3.6,3,ไม่มี,28,ออฟฟิศ,อยู่ต่อ
EMP0637,ขาย,หัวหน้าทีมขาย,หญิง,42,ปริญญาโท,9,47200,4.2,1,มี,33,Hybrid,อยู่ต่อ
EMP0286,ปฏิบัติการ,พนักงานคลังสินค้า,หญิง,43,ปริญญาตรี,9,21400,3.6,5,ไม่มี,28,WFH,อยู่ต่อ
EMP0333,การตลาด,Marketing Executive,หญิง,36,ปริญญาตรี,9,27600,3.9,3,ไม่มี,11,Hybrid,อยู่ต่อ
EMP0419,ปฏิบัติการ,พนักงานคลังสินค้า,ชาย,30,ปริญญาตรี,6,17400,2.5,1,มี,59,Hybrid,อยู่ต่อ
EMP0185,ขาย,พนักงานขาย,หญิง,35,ปวส.,6,20100,4.2,2,ไม่มี,18,WFH,ลาออก
EMP0200,ปฏิบัติการ,ผู้จัดการโรงงาน,หญิง,41,ปริญญาตรี,8,50000,2.9,2,ไม่มี,31,ออฟฟิศ,ลาออก
EMP0361,ปฏิบัติการ,พนักงานคลังสินค้า,หญิง,31,ปริญญาตรี,3,18500,3.6,5,ไม่มี,48,ออฟฟิศ,อยู่ต่อ
EMP0635,ขาย,พนักงานขาย,ชาย,34,ปริญญาตรี,0,18400,3.7,5,มี,7,WFH,ลาออก
EMP0276,ขาย,หัวหน้าทีมขาย,ชาย,27,ปริญญาตรี,0,36600,3.1,2,ไม่มี,6,ออฟฟิศ,อยู่ต่อ
EMP0022,ปฏิบัติการ,พนักงานคลังสินค้า,หญิง,31,ปวส.,0,14100,2.5,3,ไม่มี,13,ออฟฟิศ,อยู่ต่อ
EMP0378,ปฏิบัติการ,พนักงานคลังสินค้า,หญิง,36,ปริญญาตรี,3,18600,3.1,2,ไม่มี,29,ออฟฟิศ,อยู่ต่อ
EMP0563,IT,Data Analyst,ชาย,31,ปวส.,7,77300,2.9,3,มี,25,ออฟฟิศ,ลาออก
EMP0268,ขาย,พนักงานขาย,ชาย,25,ปริญญาตรี,2,22000,2.9,2,ไม่มี,9,Hybrid,อยู่ต่อ
EMP0516,บัญชี,เจ้าหน้าที่บัญชี,ชาย,30,ปริญญาตรี,0,21700,4.3,5,ไม่มี,15,WFH,ลาออก
EMP0034,การตลาด,Content Creator,ชาย,39,ปริญญาตรี,6,53000,3.3,1,ไม่มี,29,ออฟฟิศ,อยู่ต่อ
EMP0521,IT,Developer,หญิง,34,ปวส.,0,29600,4.2,1,ไม่มี,35,ออฟฟิศ,ลาออก
EMP0279,ปฏิบัติการ,พนักงานคลังสินค้า,หญิง,32,ปริญญาตรี,7,21300,3.6,4,ไม่มี,,ออฟฟิศ,อยู่ต่อ
EMP0404,ปฏิบัติการ,หัวหน้างาน,หญิง,38,ปริญญาตรี,14,45000,4.1,1,ไม่มี,30,ออฟฟิศ,อยู่ต่อ
EMP0238,บุคคล,เจ้าหน้าที่ HR,ชาย,29,ปริญญาตรี,2,22900,3.5,5,ไม่มี,14,ออฟฟิศ,อยู่ต่อ
EMP0471,ปฏิบัติการ,พนักงานคลังสินค้า,หญิง,35,ปริญญาตรี,2,18300,3.0,4,ไม่มี,12,ออฟฟิศ,อยู่ต่อ
EMP0383,ปฏิบัติการ,หัวหน้างาน,ชาย,33,ปวส.,7,39500,3.1,5,ไม่มี,21,Hybrid,ลาออก
EMP0562,ปฏิบัติการ,หัวหน้างาน,ชาย,31,ปริญญาตรี,8,35600,4.5,3,ไม่มี,19,Hybrid,อยู่ต่อ
EMP0368,ขาย,พนักงานขาย,หญิง,28,ปริญญาตรี,3,20900,3.4,2,มี,6,Hybrid,ลาออก
EMP0143,IT,Data Analyst,ชาย,44,ปริญญาตรี,13,91500,4.8,2,ไม่มี,33,Hybrid,อยู่ต่อ
EMP0118,ปฏิบัติการ,พนักงานคลังสินค้า,หญิง,34,ปริญญาตรี,3,18200,2.8,4,ไม่มี,60,Hybrid,อยู่ต่อ
EMP0643,ขาย,หัวหน้าทีมขาย,หญิง,28,ปริญญาตรี,4,36400,3.4,4,ไม่มี,48,Hybrid,อยู่ต่อ
EMP0649,ปฏิบัติการ,พนักงานคลังสินค้า,ชาย,35,ปริญญาตรี,7,21500,3.3,4,ไม่มี,15,WFH,อยู่ต่อ
EMP0478,ปฏิบัติการ,พนักงานคลังสินค้า,ชาย,23,ปริญญาตรี,0,15900,2.7,5,ไม่มี,6,ออฟฟิศ,อยู่ต่อ
EMP0216,บุคคล,เจ้าหน้าที่ HR,ชาย,35,ปริญญาตรี,6,23000,3.0,4,ไม่มี,17,ออฟฟิศ,อยู่ต่อ
EMP0081,IT,Developer,หญิง,31,ปริญญาโท,6,35000,2.9,5,ไม่มี,22,ออฟฟิศ,อยู่ต่อ
EMP0317,การตลาด,Marketing Executive,หญิง,27,ปวส.,3,22800,3.7,2,มี,58,Hybrid,อยู่ต่อ
EMP0306,ขาย,พนักงานขาย,หญิง,34,ปริญญาตรี,5,24700,4.8,2,มี,35,ออฟฟิศ,ลาออก
EMP0253,การตลาด,Marketing Executive,หญิง,38,ปริญญาตรี,6,27000,2.6,1,ไม่มี,32,ออฟฟิศ,อยู่ต่อ
EMP0620,ปฏิบัติการ,พนักงานคลังสินค้า,หญิง,38,ปริญญาตรี,5,18700,4.2,5,ไม่มี,41,Hybrid,อยู่ต่อ
EMP0751,บุคคล,เจ้าหน้าที่ HR,ชาย,27,ปริญญาตรี,0,20100,2.2,1,ไม่มี,0,WFH,อยู่ต่อ
EMP0484,ปฏิบัติการ,ผู้จัดการโรงงาน,ชาย,44,ปริญญาตรี,11,57000,3.6,1,ไม่มี,4,ออฟฟิศ,อยู่ต่อ
EMP0779,ปฏิบัติการ,พนักงานคลังสินค้า,หญิง,22,ปริญญาตรี,0,14800,1.7,3,ไม่มี,8,Hybrid,อยู่ต่อ
EMP0443,บัญชี,นักวิเคราะห์การเงิน,ชาย,34,ปริญญาตรี,7,53200,3.7,1,มี,33,Hybrid,ลาออก
EMP0571,บัญชี,นักวิเคราะห์การเงิน,ชาย,32,ปวส.,6,52000,2.9,1,ไม่มี,60,Hybrid,อยู่ต่อ
EMP0071,ขาย,พนักงานขาย,หญิง,28,ปริญญาตรี,2,19500,4.3,5,ไม่มี,40,ออฟฟิศ,ลาออก
EMP0737,ขาย,พนักงานขาย,หญิง,26,ปริญญาตรี,3,18600,3.4,4,ไม่มี,38,ออฟฟิศ,อยู่ต่อ
EMP0091,IT,Developer,หญิง,36,ปริญญาตรี,5,38600,3.5,3,ไม่มี,38,ออฟฟิศ,อยู่ต่อ
EMP0328,ปฏิบัติการ,พนักงานคลังสินค้า,ชาย,32,ปริญญาตรี,8,20600,3.6,4,ไม่มี,56,ออฟฟิศ,อยู่ต่อ
EMP0715,ปฏิบัติการ,พนักงานคลังสินค้า,ชาย,35,ปริญญาตรี,5,17000,3.4,4,มี,23,ออฟฟิศ,อยู่ต่อ
EMP0026,ปฏิบัติการ,หัวหน้างาน,ชาย,40,ปวส.,9,39600,3.1,5,ไม่มี,,Hybrid,ลาออก
EMP0526,ขาย,หัวหน้าทีมขาย,หญิง,43,ปริญญาโท,13,50000,3.6,3,ไม่มี,44,Hybrid,อยู่ต่อ
EMP0433,บุคคล,ผู้จัดการ HR,ชาย,32,ปวส.,9,80300,3.4,5,ไม่มี,16,Hybrid,อยู่ต่อ
EMP0365,บัญชี,เจ้าหน้าที่บัญชี,ชาย,31,ปริญญาตรี,1,24400,2.9,3,ไม่มี,9,Hybrid,อยู่ต่อ
EMP0608,ขาย,ผู้จัดการฝ่ายขาย,ชาย,42,ปริญญาตรี,14,70600,3.5,3,ไม่มี,44,ออฟฟิศ,อยู่ต่อ
EMP0303,ขาย,พนักงานขาย,หญิง,23,ปริญญาตรี,0,17200,2.8,1,ไม่มี,34,Hybrid,ลาออก
EMP0041,การตลาด,Marketing Executive,ชาย,33,ปริญญาตรี,6,29700,3.6,4,ไม่มี,20,ออฟฟิศ,อยู่ต่อ
EMP0625,ขาย,พนักงานขาย,หญิง,24,ปริญญาตรี,1,16900,4.9,2,มี,48,ออฟฟิศ,อยู่ต่อ
EMP0512,บุคคล,เจ้าหน้าที่ HR,ชาย,32,ปริญญาตรี,6,24500,3.0,3,ไม่มี,15,Hybrid,อยู่ต่อ
EMP0673,IT,Developer,หญิง,23,ปวส.,1,32200,2.0,3,ไม่มี,30,ออฟฟิศ,ลาออก
EMP0188,การตลาด,Marketing Executive,ชาย,28,ปริญญาตรี,6,26900,2.7,4,ไม่มี,9,Hybrid,อยู่ต่อ
EMP0206,ปฏิบัติการ,พนักงานคลังสินค้า,ชาย,28,ปริญญาตรี,5,16400,2.7,5,ไม่มี,25,Hybrid,อยู่ต่อ
EMP0674,การตลาด,Marketing Executive,หญิง,38,ปวส.,6,26900,4.3,5,ไม่มี,58,ออฟฟิศ,อยู่ต่อ
EMP0393,การตลาด,Marketing Executive,ชาย,36,ปวส.,8,32500,3.5,4,มี,60,Hybrid,อยู่ต่อ
EMP0145,IT,Developer,ชาย,32,ปวส.,8,37300,4.7,1,ไม่มี,26,ออฟฟิศ,อยู่ต่อ
EMP0564,บัญชี,เจ้าหน้าที่บัญชี,ชาย,27,ปริญญาตรี,5,24800,3.3,5,ไม่มี,4,Hybrid,อยู่ต่อ
EMP0032,IT,Data Analyst,หญิง,38,ปริญญาโท,8,73300,2.7,4,มี,45,Hybrid,อยู่ต่อ
EMP0457,IT,Developer,หญิง,26,ปริญญาตรี,1,29300,3.2,2,มี,59,Hybrid,อยู่ต่อ
EMP0672,IT,Developer,หญิง,38,ปริญญาตรี,11,49500,4.1,4,ไม่มี,60,Hybrid,อยู่ต่อ
EMP0743,IT,IT Support,ชาย,31,ปริญญาตรี,7,103300,2.2,2,ไม่มี,58,Hybrid,อยู่ต่อ
EMP0435,ปฏิบัติการ,พนักงานคลังสินค้า,ชาย,31,ปริญญาตรี,1,15500,4.1,5,ไม่มี,56,ออฟฟิศ,อยู่ต่อ
EMP0086,ปฏิบัติการ,หัวหน้างาน,หญิง,48,ปริญญาตรี,16,49300,3.9,5,มี,0,Hybrid,อยู่ต่อ
EMP0160,ปฏิบัติการ,หัวหน้างาน,ชาย,37,ปริญญาตรี,11,43500,3.8,4,ไม่มี,15,WFH,อยู่ต่อ
EMP0202,ปฏิบัติการ,พนักงานคลังสินค้า,หญิง,32,ปริญญาโท,3,17900,4.2,4,มี,22,ออฟฟิศ,อยู่ต่อ
EMP0292,ขาย,พนักงานขาย,ชาย,34,ปวส.,3,22100,3.0,3,ไม่มี,20,ออฟฟิศ,อยู่ต่อ
EMP0062,บุคคล,เจ้าหน้าที่ HR,ชาย,30,ปริญญาตรี,4,24300,2.9,1,ไม่มี,46,ออฟฟิศ,อยู่ต่อ
EMP0757,ปฏิบัติการ,หัวหน้างาน,ชาย,42,ปริญญาตรี,13,46200,3.6,1,มี,38,ออฟฟิศ,อยู่ต่อ
EMP0285,ปฏิบัติการ,พนักงานคลังสินค้า,ชาย,38,ปริญญาโท,6,19100,3.6,3,ไม่มี,27,ออฟฟิศ,อยู่ต่อ
EMP0156,ปฏิบัติการ,พนักงานคลังสินค้า,หญิง,28,ปวส.,6,18600,3.6,4,มี,44,Hybrid,อยู่ต่อ
EMP0050,ขาย,หัวหน้าทีมขาย,ชาย,39,ปริญญาโท,12,49000,2.6,1,ไม่มี,48,ออฟฟิศ,ลาออก
EMP0094,ขาย,ผู้จัดการฝ่ายขาย,ชาย,50,ปริญญาตรี,16,79000,4.6,3,ไม่มี,57,ออฟฟิศ,อยู่ต่อ
EMP0294,การตลาด,Marketing Executive,หญิง,34,ปวส.,2,21700,3.3,4,มี,42,ออฟฟิศ,อยู่ต่อ
EMP0398,บัญชี,ผู้จัดการบัญชี,หญิง,38,ปริญญาตรี,8,76100,3.4,2,มี,3,ออฟฟิศ,ลาออก
EMP0758,ปฏิบัติการ,หัวหน้างาน,หญิง,38,ปริญญาตรี,8,33600,2.7,4,มี,13,ออฟฟิศ,ลาออก
EMP0736,การตลาด,Marketing Executive,หญิง,28,ปริญญาโท,0,24900,4.2,4,ไม่มี,25,ออฟฟิศ,อยู่ต่อ
EMP0321,IT,Developer,หญิง,38,ปริญญาตรี,5,38200,3.1,4,ไม่มี,51,ออฟฟิศ,อยู่ต่อ
EMP0193,บัญชี,เจ้าหน้าที่บัญชี,ชาย,32,ปริญญาตรี,8,31200,,1,มี,60,ออฟฟิศ,อยู่ต่อ
EMP0296,ขาย,พนักงานขาย,หญิง,37,ปริญญาโท,7,22400,4.1,2,ไม่มี,31,ออฟฟิศ,อยู่ต่อ
EMP0157,ขาย,พนักงานขาย,ชาย,37,ปริญญาตรี,4,19400,3.0,5,ไม่มี,4,ออฟฟิศ,อยู่ต่อ
EMP0133,ปฏิบัติการ,หัวหน้างาน,ชาย,37,ปริญญาตรี,12,36700,3.0,3,มี,46,ออฟฟิศ,อยู่ต่อ
EMP0213,บุคคล,เจ้าหน้าที่ HR,หญิง,30,ปริญญาโท,7,28100,3.4,4,ไม่มี,41,ออฟฟิศ,อยู่ต่อ
EMP0252,บุคคล,เจ้าหน้าที่ HR,หญิง,34,ปริญญาตรี,4,23700,1.9,1,มี,7,ออฟฟิศ,อยู่ต่อ
EMP0170,ปฏิบัติการ,พนักงานคลังสินค้า,ชาย,32,ปริญญาโท,4,19900,2.7,3,ไม่มี,15,ออฟฟิศ,อยู่ต่อ
EMP0554,ปฏิบัติการ,หัวหน้างาน,หญิง,37,ปริญญาตรี,7,36000,3.2,1,มี,9,ออฟฟิศ,อยู่ต่อ
EMP0009,ขาย,พนักงานขาย,ชาย,26,ปริญญาตรี,3,19200,2.7,4,ไม่มี,37,ออฟฟิศ,อยู่ต่อ
EMP0710,ปฏิบัติการ,พนักงานคลังสินค้า,หญิง,39,ปริญญาตรี,5,16600,3.2,5,ไม่มี,9,WFH,ลาออก
EMP0546,IT,Developer,ชาย,40,ปริญญาตรี,7,38400,2.8,5,ไม่มี,31,ออฟฟิศ,อยู่ต่อ
EMP0330,ขาย,พนักงานขาย,ชาย,36,ปวส.,6,21400,3.7,1,ไม่มี,20,WFH,อยู่ต่อ
EMP0683,ปฏิบัติการ,พนักงานคลังสินค้า,ชาย,37,ปริญญาตรี,4,16000,3.5,4,ไม่มี,25,ออฟฟิศ,อยู่ต่อ
EMP0336,ปฏิบัติการ,พนักงานคลังสินค้า,ชาย,44,ปริญญาตรี,12,23800,2.9,4,ไม่มี,59,ออฟฟิศ,อยู่ต่อ
EMP0437,บัญชี,เจ้าหน้าที่บัญชี,หญิง,33,ปริญญาตรี,11,31200,2.9,2,ไม่มี,33,Hybrid,อยู่ต่อ
EMP0639,IT,Developer,ชาย,36,ปริญญาตรี,6,40700,5,3,ไม่มี,26,ออฟฟิศ,ลาออก
EMP0162,ขาย,พนักงานขาย,หญิง,27,ปริญญาตรี,5,22400,3.3,3,ไม่มี,41,ออฟฟิศ,อยู่ต่อ
EMP0051,บัญชี,เจ้าหน้าที่บัญชี,ชาย,28,ปริญญาตรี,6,29000,3.1,5,มี,19,ออฟฟิศ,อยู่ต่อ
EMP0429,ปฏิบัติการ,พนักงานคลังสินค้า,หญิง,29,ปริญญาตรี,7,22000,2.7,4,ไม่มี,55,Hybrid,อยู่ต่อ
EMP0140,การตลาด,Marketing Executive,หญิง,29,ปริญญาโท,2,25700,4.2,3,มี,28,ออฟฟิศ,อยู่ต่อ
EMP0791,ขาย,พนักงานขาย,ชาย,39,ปริญญาตรี,5,23600,4.5,3,ไม่มี,27,Hybrid,อยู่ต่อ
EMP0509,IT,Data Analyst,หญิง,28,ปวส.,5,59900,3.2,3,ไม่มี,30,WFH,อยู่ต่อ
EMP0671,การตลาด,Marketing Executive,ชาย,33,ปริญญาโท,4,26600,3.9,2,ไม่มี,12,ออฟฟิศ,อยู่ต่อ
EMP0325,IT,Developer,หญิง,34,ปริญญาตรี,6,34800,3.2,5,ไม่มี,21,Hybrid,อยู่ต่อ
EMP0012,ขาย,พนักงานขาย,ชาย,29,ปริญญาตรี,4,21300,3.4,4,ไม่มี,3,Hybrid,อยู่ต่อ
EMP0372,บัญชี,นักวิเคราะห์การเงิน,หญิง,40,ปวส.,8,52800,5,3,ไม่มี,12,Hybrid,อยู่ต่อ
EMP0580,ขาย,หัวหน้าทีมขาย,หญิง,29,ปริญญาตรี,5,40500,2.9,5,ไม่มี,50,ออฟฟิศ,อยู่ต่อ
EMP0646,IT,Developer,ชาย,40,ปริญญาตรี,9,38400,2.7,4,มี,54,ออฟฟิศ,อยู่ต่อ
EMP0345,บัญชี,เจ้าหน้าที่บัญชี,ชาย,27,ปริญญาตรี,5,24300,2.6,4,ไม่มี,14,Hybrid,อยู่ต่อ
EMP0543,ขาย,พนักงานขาย,ชาย,37,ปริญญาโท,5,24000,4.1,1,ไม่มี,21,Hybrid,อยู่ต่อ
EMP0800,ปฏิบัติการ,หัวหน้างาน,หญิง,34,ปริญญาโท,12,40200,3.1,3,ไม่มี,56,Hybrid,อยู่ต่อ
EMP0254,IT,IT Manager,หญิง,35,ปริญญาตรี,10,154700,3.8,4,ไม่มี,39,ออฟฟิศ,อยู่ต่อ
EMP0198,บุคคล,Recruiter,ชาย,33,ปวส.,9,51200,3.0,3,ไม่มี,13,ออฟฟิศ,อยู่ต่อ
EMP0617,ปฏิบัติการ,พนักงานคลังสินค้า,หญิง,36,ปริญญาตรี,4,16400,2.8,2,มี,34,ออฟฟิศ,ลาออก
EMP0382,IT,Developer,หญิง,29,ปริญญาตรี,0,28900,2.6,3,ไม่มี,42,ออฟฟิศ,อยู่ต่อ
EMP0689,ขาย,พนักงานขาย,หญิง,34,ปริญญาตรี,9,24700,2.9,5,ไม่มี,44,WFH,อยู่ต่อ
EMP0313,ขาย,พนักงานขาย,หญิง,26,ปริญญาตรี,2,21200,2.9,3,ไม่มี,26,ออฟฟิศ,อยู่ต่อ
EMP0720,ขาย,พนักงานขาย,หญิง,31,ปริญญาตรี,3,22100,3.6,3,ไม่มี,6,ออฟฟิศ,อยู่ต่อ
EMP0423,บุคคล,เจ้าหน้าที่ HR,หญิง,34,ปริญญาตรี,7,26900,3.3,1,ไม่มี,22,ออฟฟิศ,อยู่ต่อ
EMP0551,ปฏิบัติการ,พนักงานคลังสินค้า,หญิง,39,ปวส.,6,17600,3.2,3,ไม่มี,1,ออฟฟิศ,อยู่ต่อ
EMP0749,บัญชี,เจ้าหน้าที่บัญชี,หญิง,26,ปริญญาตรี,4,23300,3.3,1,มี,26,WFH,ลาออก
EMP0314,บุคคล,เจ้าหน้าที่ HR,ชาย,33,ปริญญาตรี,5,26800,3.4,4,ไม่มี,54,Hybrid,อยู่ต่อ
EMP0386,ปฏิบัติการ,หัวหน้างาน,หญิง,35,ปริญญาตรี,8,39000,3.4,2,มี,13,ออฟฟิศ,อยู่ต่อ
EMP0337,ขาย,พนักงานขาย,หญิง,28,ปริญญาตรี,0,19300,4.0,5,ไม่มี,38,Hybrid,อยู่ต่อ
EMP0045,บุคคล,Recruiter,ชาย,25,ปริญญาตรี,3,38000,2.2,2,ไม่มี,55,Hybrid,อยู่ต่อ
EMP0067,ขาย,พนักงานขาย,หญิง,28,ปริญญาตรี,3,20400,3.3,1,ไม่มี,,Hybrid,อยู่ต่อ
EMP0483,IT,Developer,หญิง,46,ปริญญาตรี,14,49100,2.9,4,ไม่มี,30,ออฟฟิศ,อยู่ต่อ
EMP0019,ปฏิบัติการ,ผู้จัดการโรงงาน,ชาย,39,ปวส.,11,62000,3.8,5,ไม่มี,59,ออฟฟิศ,อยู่ต่อ
EMP0219,บุคคล,เจ้าหน้าที่ HR,ชาย,38,ปริญญาตรี,4,23400,3.3,3,ไม่มี,12,Hybrid,อยู่ต่อ
EMP0716,บัญชี,เจ้าหน้าที่บัญชี,หญิง,34,ปริญญาตรี,2,24500,3.6,3,มี,44,Hybrid,อยู่ต่อ
EMP0748,IT,Developer,หญิง,33,ปริญญาโท,7,42200,3.0,1,ไม่มี,30,ออฟฟิศ,ลาออก
EMP0495,การตลาด,Marketing Executive,ชาย,28,ปวส.,4,28100,4.1,5,มี,9,Hybrid,อยู่ต่อ
EMP0366,ปฏิบัติการ,พนักงานคลังสินค้า,ชาย,30,ปวส.,3,18000,3.8,5,มี,0,Hybrid,อยู่ต่อ
EMP0600,การตลาด,ผู้จัดการการตลาด,ชาย,34,ปวส.,10,88900,2.6,5,ไม่มี,32,Hybrid,อยู่ต่อ
EMP0550,ปฏิบัติการ,พนักงานคลังสินค้า,หญิง,35,ปริญญาตรี,5,16700,3.1,1,ไม่มี,47,ออฟฟิศ,อยู่ต่อ
EMP0742,IT,Developer,หญิง,36,ปริญญาตรี,6,39700,2.9,4,ไม่มี,51,Hybrid,อยู่ต่อ
EMP0210,ขาย,ผู้จัดการฝ่ายขาย,ชาย,42,ปริญญาตรี,16,82700,3.9,1,มี,11,ออฟฟิศ,ลาออก
EMP0530,IT,Data Analyst,หญิง,42,ปวส.,12,81700,1.8,1,มี,16,Hybrid,อยู่ต่อ
EMP0385,บุคคล,เจ้าหน้าที่ HR,ชาย,33,ปริญญาโท,5,21900,3.6,2,ไม่มี,1,ออฟฟิศ,อยู่ต่อ
EMP0057,การตลาด,Marketing Executive,ชาย,32,ปวส.,9,32400,3.1,2,มี,2,Hybrid,ลาออก
EMP0291,ปฏิบัติการ,พนักงานคลังสินค้า,หญิง,28,ปริญญาตรี,5,20000,2.9,2,ไม่มี,46,Hybrid,ลาออก
EMP0187,IT,Developer,ชาย,33,ปวส.,0,30300,4.8,4,ไม่มี,39,ออฟฟิศ,อยู่ต่อ
EMP0399,บัญชี,เจ้าหน้าที่บัญชี,ชาย,34,ปริญญาตรี,10,32500,3.2,2,ไม่มี,32,Hybrid,อยู่ต่อ
EMP0281,IT,Developer,หญิง,35,ปวส.,5,33700,,1,ไม่มี,19,Hybrid,อยู่ต่อ
EMP0494,ปฏิบัติการ,หัวหน้างาน,หญิง,37,ปริญญาตรี,9,36500,4.3,3,มี,12,Hybrid,อยู่ต่อ
EMP0656,ปฏิบัติการ,หัวหน้างาน,หญิง,37,ปริญญาตรี,4,31000,2.9,4,ไม่มี,60,Hybrid,อยู่ต่อ
EMP0011,บัญชี,เจ้าหน้าที่บัญชี,ชาย,32,ปริญญาตรี,0,20200,2.6,4,มี,53,ออฟฟิศ,ลาออก
EMP0660,ขาย,พนักงานขาย,ชาย,25,ปริญญาตรี,2,18600,4.5,2,ไม่มี,6,Hybrid,อยู่ต่อ
EMP0190,ปฏิบัติการ,หัวหน้างาน,ชาย,39,ปริญญาตรี,7,38900,1.7,3,ไม่มี,23,Hybrid,ลาออก
EMP0721,บุคคล,เจ้าหน้าที่ HR,หญิง,28,ปริญญาตรี,5,25300,2.9,1,มี,41,Hybrid,อยู่ต่อ
EMP0215,การตลาด,Marketing Executive,หญิง,37,ปริญญาตรี,8,27500,3.2,2,ไม่มี,51,ออฟฟิศ,อยู่ต่อ
EMP0301,ขาย,พนักงานขาย,ชาย,42,ปริญญาตรี,8,24000,3.3,4,มี,19,Hybrid,อยู่ต่อ
EMP0344,การตลาด,Content Creator,ชาย,30,ปริญญาตรี,0,41400,3.3,1,มี,36,Hybrid,อยู่ต่อ
EMP0023,IT,Developer,ชาย,38,ปริญญาตรี,4,35200,3.7,1,มี,3,Hybrid,อยู่ต่อ
EMP0331,บุคคล,เจ้าหน้าที่ HR,หญิง,40,ปวส.,9,24600,3.3,5,ไม่มี,33,ออฟฟิศ,อยู่ต่อ
EMP0724,ขาย,พนักงานขาย,ชาย,25,ปริญญาตรี,0,16700,3.4,2,ไม่มี,44,ออฟฟิศ,อยู่ต่อ
EMP0233,ขาย,หัวหน้าทีมขาย,หญิง,35,ปริญญาตรี,6,40100,3.8,2,มี,40,Hybrid,อยู่ต่อ
EMP0176,ขาย,ผู้จัดการฝ่ายขาย,ชาย,39,ปริญญาโท,8,70700,4.0,4,มี,29,Hybrid,อยู่ต่อ
EMP0441,IT,Developer,ชาย,36,ปวส.,7,35100,3.0,3,มี,10,ออฟฟิศ,ลาออก
EMP0151,การตลาด,Content Creator,หญิง,30,ปริญญาตรี,4,41800,4.7,5,ไม่มี,22,Hybrid,อยู่ต่อ
EMP0223,การตลาด,Marketing Executive,ชาย,32,ปวส.,0,23400,3.2,2,ไม่มี,21,Hybrid,อยู่ต่อ
EMP0409,IT,IT Support,ชาย,45,ปริญญาตรี,15,114800,3.3,1,ไม่มี,8,WFH,อยู่ต่อ
EMP0723,ขาย,พนักงานขาย,ชาย,34,ปริญญาตรี,9,23700,4.1,2,ไม่มี,52,ออฟฟิศ,อยู่ต่อ
EMP0002,ขาย,พนักงานขาย,หญิง,27,ปริญญาตรี,5,21300,3.9,1,ไม่มี,11,Hybrid,ลาออก
EMP0374,ปฏิบัติการ,ผู้จัดการโรงงาน,หญิง,44,ปริญญาตรี,12,62900,3.1,1,มี,52,ออฟฟิศ,ลาออก
EMP0347,ปฏิบัติการ,พนักงานคลังสินค้า,หญิง,37,ปริญญาตรี,5,18600,2.8,1,ไม่มี,48,ออฟฟิศ,ลาออก
EMP0725,IT,Developer,หญิง,26,ปริญญาตรี,0,28900,3.1,3,ไม่มี,39,Hybrid,ลาออก
EMP0060,บัญชี,เจ้าหน้าที่บัญชี,ชาย,37,ปริญญาตรี,3,22400,3.2,5,ไม่มี,26,Hybrid,อยู่ต่อ
EMP0074,บัญชี,เจ้าหน้าที่บัญชี,หญิง,26,ปริญญาตรี,3,21900,4.6,1,มี,13,ออฟฟิศ,อยู่ต่อ
EMP0585,ขาย,หัวหน้าทีมขาย,ชาย,41,ปริญญาตรี,8,41500,2.9,3,มี,33,ออฟฟิศ,อยู่ต่อ
EMP0015,ขาย,พนักงานขาย,หญิง,24,ปริญญาตรี,2,18600,4.1,5,มี,8,Hybrid,อยู่ต่อ
EMP0713,IT,Developer,หญิง,42,ปริญญาตรี,9,45400,4.2,1,ไม่มี,58,ออฟฟิศ,ลาออก
EMP0267,บัญชี,เจ้าหน้าที่บัญชี,ชาย,34,ปริญญาตรี,5,27400,4.5,3,ไม่มี,9,ออฟฟิศ,อยู่ต่อ
EMP0078,บุคคล,เจ้าหน้าที่ HR,ชาย,35,ปวส.,3,24800,3.0,1,ไม่มี,13,ออฟฟิศ,อยู่ต่อ
EMP0054,ปฏิบัติการ,พนักงานคลังสินค้า,ชาย,28,ปวส.,6,17000,3.2,3,มี,28,ออฟฟิศ,อยู่ต่อ
EMP0007,ปฏิบัติการ,พนักงานคลังสินค้า,ชาย,27,ปริญญาตรี,3,18200,4.1,5,ไม่มี,1,Hybrid,อยู่ต่อ
EMP0421,IT,Data Analyst,หญิง,26,ปริญญาตรี,2,53500,3.0,3,ไม่มี,30,Hybrid,ลาออก
EMP0364,IT,Data Analyst,หญิง,45,ปริญญาตรี,12,89100,3.1,1,ไม่มี,50,ออฟฟิศ,อยู่ต่อ
EMP0208,ขาย,พนักงานขาย,ชาย,26,ปวส.,3,19900,3.6,3,ไม่มี,3,ออฟฟิศ,อยู่ต่อ
EMP0590,บัญชี,ผู้จัดการบัญชี,หญิง,40,ปริญญาตรี,14,79000,4.2,4,ไม่มี,28,ออฟฟิศ,อยู่ต่อ
EMP0342,ขาย,หัวหน้าทีมขาย,หญิง,35,ปวส.,5,37100,4.4,5,ไม่มี,38,Hybrid,อยู่ต่อ
EMP0311,การตลาด,Content Creator,หญิง,39,ปริญญาตรี,7,52600,3.0,1,ไม่มี,29,Hybrid,อยู่ต่อ
EMP0147,ปฏิบัติการ,พนักงานคลังสินค้า,ชาย,29,ปวส.,7,20000,3.5,2,มี,30,WFH,อยู่ต่อ
EMP0508,ขาย,พนักงานขาย,หญิง,29,ปริญญาโท,5,21900,3.3,1,ไม่มี,56,ออฟฟิศ,อยู่ต่อ
EMP0796,ปฏิบัติการ,พนักงานคลังสินค้า,ชาย,28,ปริญญาตรี,2,16900,3.1,2,ไม่มี,8,Hybrid,อยู่ต่อ
EMP0046,การตลาด,Content Creator,ชาย,46,ปริญญาตรี,13,66200,4.3,1,มี,18,Hybrid,ลาออก
EMP0403,ปฏิบัติการ,พนักงานคลังสินค้า,หญิง,23,ปริญญาตรี,1,16400,2.2,1,ไม่มี,31,Hybrid,อยู่ต่อ
EMP0412,การตลาด,Marketing Executive,หญิง,40,ปวส.,8,30300,3.6,4,ไม่มี,51,ออฟฟิศ,อยู่ต่อ
EMP0647,IT,Developer,ชาย,28,ปริญญาโท,0,30800,3.6,4,ไม่มี,4,Hybrid,อยู่ต่อ
EMP0024,ขาย,พนักงานขาย,หญิง,29,ปวส.,3,19300,3.2,3,ไม่มี,32,Hybrid,อยู่ต่อ
EMP0790,การตลาด,ผู้จัดการการตลาด,หญิง,35,ปริญญาโท,7,68500,3.3,4,ไม่มี,7,ออฟฟิศ,อยู่ต่อ
EMP0784,IT,Developer,ชาย,28,ปริญญาตรี,6,35500,4.7,1,มี,45,ออฟฟิศ,ลาออก
EMP0655,ขาย,พนักงานขาย,ชาย,37,ปริญญาตรี,3,19200,3.0,1,ไม่มี,2,Hybrid,อยู่ต่อ
EMP0257,IT,Developer,ชาย,24,ปวส.,2,32900,4.7,1,ไม่มี,53,ออฟฟิศ,อยู่ต่อ
EMP0394,ปฏิบัติการ,หัวหน้างาน,หญิง,37,ปริญญาตรี,9,34200,3.8,4,ไม่มี,43,Hybrid,อยู่ต่อ
EMP0640,ปฏิบัติการ,พนักงานคลังสินค้า,หญิง,28,ปริญญาตรี,5,18000,2.4,4,มี,18,Hybrid,อยู่ต่อ
EMP0619,บัญชี,เจ้าหน้าที่บัญชี,หญิง,34,ปริญญาโท,3,21800,2.8,2,ไม่มี,52,Hybrid,อยู่ต่อ
EMP0445,ปฏิบัติการ,พนักงานคลังสินค้า,ชาย,39,ปวส.,7,19200,2.7,5,ไม่มี,60,ออฟฟิศ,อยู่ต่อ
EMP0535,ขาย,พนักงานขาย,ชาย,25,ปวส.,1,20300,4.1,5,ไม่มี,49,WFH,อยู่ต่อ
EMP0626,ขาย,พนักงานขาย,ชาย,33,ปริญญาตรี,9,26200,4.1,1,ไม่มี,32,ออฟฟิศ,อยู่ต่อ
EMP0542,ปฏิบัติการ,พนักงานคลังสินค้า,ชาย,39,ปวส.,7,18100,4.4,2,มี,8,Hybrid,ลาออก
EMP0493,IT,Developer,หญิง,33,ปริญญาตรี,7,38300,2.3,2,ไม่มี,13,ออฟฟิศ,อยู่ต่อ
EMP0717,ขาย,หัวหน้าทีมขาย,หญิง,26,ปริญญาตรี,2,35600,3.9,5,ไม่มี,45,ออฟฟิศ,อยู่ต่อ
EMP0624,บุคคล,เจ้าหน้าที่ HR,หญิง,36,ปริญญาตรี,2,24800,4.7,3,ไม่มี,5,WFH,อยู่ต่อ
EMP0764,ขาย,พนักงานขาย,ชาย,38,ปริญญาตรี,6,23300,2.7,1,มี,43,Hybrid,ลาออก
EMP0497,ปฏิบัติการ,พนักงานคลังสินค้า,ชาย,36,ปริญญาตรี,5,19300,3.1,4,ไม่มี,26,Hybrid,อยู่ต่อ
EMP0146,IT,Developer,หญิง,39,ปวส.,5,37300,4.4,5,ไม่มี,57,ออฟฟิศ,อยู่ต่อ
EMP0416,บัญชี,เจ้าหน้าที่บัญชี,หญิง,33,ปริญญาตรี,6,29700,4.0,3,ไม่มี,0,ออฟฟิศ,อยู่ต่อ
EMP0741,บัญชี,เจ้าหน้าที่บัญชี,ชาย,41,ปริญญาตรี,8,30500,3.3,3,ไม่มี,25,ออฟฟิศ,อยู่ต่อ
EMP0776,บัญชี,เจ้าหน้าที่บัญชี,ชาย,29,ปริญญาตรี,1,23900,4.2,3,ไม่มี,37,ออฟฟิศ,อยู่ต่อ
EMP0039,ขาย,พนักงานขาย,ชาย,29,ปริญญาตรี,0,19900,3.0,2,ไม่มี,25,ออฟฟิศ,อยู่ต่อ
EMP0290,ปฏิบัติการ,พนักงานคลังสินค้า,ชาย,25,ปริญญาตรี,0,14500,3.8,4,มี,41,ออฟฟิศ,ลาออก
EMP0246,บุคคล,เจ้าหน้าที่ HR,ชาย,32,ปริญญาตรี,3,25200,1.7,2,ไม่มี,3,ออฟฟิศ,ลาออก
EMP0275,บัญชี,เจ้าหน้าที่บัญชี,ชาย,28,ปวส.,4,26600,3.3,5,ไม่มี,5,Hybrid,อยู่ต่อ
EMP0498,IT,Developer,ชาย,33,ปริญญาตรี,10,42400,2.9,5,มี,34,ออฟฟิศ,ลาออก
EMP0141,บัญชี,เจ้าหน้าที่บัญชี,หญิง,36,ปริญญาตรี,4,26400,4.1,1,ไม่มี,26,WFH,อยู่ต่อ
EMP0349,ปฏิบัติการ,พนักงานคลังสินค้า,หญิง,38,ปริญญาตรี,6,21000,3.3,4,ไม่มี,7,Hybrid,อยู่ต่อ
EMP0207,IT,Developer,หญิง,24,ปริญญาตรี,2,29700,4.0,5,มี,37,ออฟฟิศ,ลาออก
EMP0651,ขาย,หัวหน้าทีมขาย,ชาย,48,ปริญญาตรี,15,47500,3.8,5,ไม่มี,5,ออฟฟิศ,อยู่ต่อ
EMP0269,บุคคล,Recruiter,หญิง,36,ปริญญาตรี,6,42800,4.5,5,มี,0,ออฟฟิศ,อยู่ต่อ
EMP0090,ขาย,พนักงานขาย,หญิง,38,ปริญญาตรี,6,24400,3.2,1,มี,18,Hybrid,ลาออก
EMP0029,บัญชี,เจ้าหน้าที่บัญชี,ชาย,27,ปริญญาตรี,4,22300,3.5,1,ไม่มี,24,ออฟฟิศ,ลาออก
EMP0217,ขาย,พนักงานขาย,หญิง,34,ปริญญาตรี,9,26600,2.3,1,มี,49,ออฟฟิศ,อยู่ต่อ
EMP0454,ปฏิบัติการ,พนักงานคลังสินค้า,หญิง,33,ปริญญาตรี,7,18900,3.6,4,ไม่มี,55,ออฟฟิศ,อยู่ต่อ
EMP0461,การตลาด,Content Creator,หญิง,33,ปริญญาตรี,9,55500,2.1,2,มี,59,Hybrid,ลาออก
EMP0426,บุคคล,เจ้าหน้าที่ HR,ชาย,35,ปริญญาโท,5,22500,1.4,3,ไม่มี,29,Hybrid,อยู่ต่อ
EMP0447,บัญชี,เจ้าหน้าที่บัญชี,หญิง,33,ปริญญาตรี,7,30600,3.1,4,มี,43,Hybrid,อยู่ต่อ
EMP0745,IT,Developer,หญิง,36,ปวส.,2,34600,2.3,4,ไม่มี,16,ออฟฟิศ,อยู่ต่อ
EMP0315,ปฏิบัติการ,พนักงานคลังสินค้า,หญิง,31,ปริญญาตรี,6,17000,3.9,1,มี,51,ออฟฟิศ,ลาออก
EMP0432,ขาย,หัวหน้าทีมขาย,ชาย,33,ปวส.,5,39800,3.7,3,มี,24,WFH,อยู่ต่อ
EMP0161,การตลาด,Marketing Executive,หญิง,40,ปริญญาตรี,8,33000,3.2,2,ไม่มี,6,ออฟฟิศ,อยู่ต่อ
EMP0234,ปฏิบัติการ,หัวหน้างาน,หญิง,29,ปริญญาตรี,2,27000,3.7,3,ไม่มี,52,Hybrid,อยู่ต่อ
EMP0479,บัญชี,นักวิเคราะห์การเงิน,หญิง,25,ปริญญาตรี,3,38700,2.3,5,ไม่มี,0,Hybrid,อยู่ต่อ
EMP0439,IT,Developer,หญิง,39,ปริญญาตรี,7,41700,4.7,1,มี,47,Hybrid,อยู่ต่อ
EMP0503,ขาย,พนักงานขาย,หญิง,37,ปวส.,8,26400,2.0,1,ไม่มี,50,ออฟฟิศ,อยู่ต่อ
EMP0787,IT,Developer,ชาย,39,ปวส.,6,39100,3.3,4,มี,31,Hybrid,ลาออก
EMP0574,ขาย,หัวหน้าทีมขาย,ชาย,35,ปริญญาตรี,9,47500,2.9,4,ไม่มี,7,WFH,อยู่ต่อ
EMP0581,IT,Developer,หญิง,42,ปริญญาตรี,9,40800,2.8,5,มี,34,Hybrid,อยู่ต่อ
EMP0731,ขาย,พนักงานขาย,หญิง,41,ปวส.,14,30300,4.3,2,ไม่มี,6,ออฟฟิศ,อยู่ต่อ
EMP0196,บัญชี,นักวิเคราะห์การเงิน,ชาย,40,ปริญญาตรี,8,52100,3.9,1,ไม่มี,59,ออฟฟิศ,อยู่ต่อ
EMP0360,ปฏิบัติการ,หัวหน้างาน,ชาย,39,ปริญญาโท,11,40900,4.4,3,ไม่มี,6,ออฟฟิศ,อยู่ต่อ
EMP0695,ขาย,พนักงานขาย,ชาย,32,ปริญญาโท,2,22300,2.4,2,ไม่มี,6,WFH,ลาออก
EMP0323,ขาย,หัวหน้าทีมขาย,หญิง,30,ปริญญาตรี,8,46500,4.1,1,มี,60,WFH,ลาออก
EMP0499,ขาย,พนักงานขาย,ชาย,30,ปริญญาตรี,4,19100,3.1,5,ไม่มี,39,ออฟฟิศ,อยู่ต่อ
EMP0491,ปฏิบัติการ,พนักงานคลังสินค้า,ชาย,33,,4,17200,3.6,4,มี,17,ออฟฟิศ,อยู่ต่อ
EMP0155,IT,Developer,หญิง,34,ปริญญาตรี,6,37800,3.8,2,ไม่มี,31,ออฟฟิศ,อยู่ต่อ
EMP0541,บุคคล,เจ้าหน้าที่ HR,ชาย,25,ปริญญาตรี,0,20900,3.1,4,ไม่มี,60,Hybrid,อยู่ต่อ
EMP0139,บุคคล,เจ้าหน้าที่ HR,ชาย,28,ปริญญาตรี,6,26900,3.2,2,มี,9,ออฟฟิศ,อยู่ต่อ
EMP0068,ขาย,พนักงานขาย,หญิง,28,ปริญญาตรี,3,22400,2.6,2,ไม่มี,25,ออฟฟิศ,อยู่ต่อ
EMP0602,ขาย,ผู้จัดการฝ่ายขาย,ชาย,37,ปวส.,10,73300,1.6,4,ไม่มี,56,ออฟฟิศ,อยู่ต่อ
EMP0008,ปฏิบัติการ,พนักงานคลังสินค้า,ชาย,25,ปวส.,3,17600,3.4,2,มี,45,Hybrid,ลาออก
EMP0767,บุคคล,เจ้าหน้าที่ HR,หญิง,28,ปวส.,5,22700,3.8,4,มี,32,ออฟฟิศ,อยู่ต่อ
EMP0401,ปฏิบัติการ,หัวหน้างาน,หญิง,35,ปริญญาตรี,10,36100,3.6,3,ไม่มี,18,ออฟฟิศ,อยู่ต่อ
EMP0137,ปฏิบัติการ,พนักงานคลังสินค้า,ชาย,38,ปวส.,7,17300,3.5,5,ไม่มี,0,ออฟฟิศ,อยู่ต่อ
EMP0083,บัญชี,ผู้จัดการบัญชี,หญิง,36,ปริญญาตรี,6,71700,2.8,4,ไม่มี,33,ออฟฟิศ,ลาออก
EMP0070,ปฏิบัติการ,พนักงานคลังสินค้า,หญิง,36,ปริญญาตรี,3,16500,2.0,5,ไม่มี,60,ออฟฟิศ,ลาออก
EMP0324,ขาย,หัวหน้าทีมขาย,หญิง,30,ปริญญาโท,7,42200,2.5,2,ไม่มี,14,Hybrid,ลาออก
EMP0121,ปฏิบัติการ,พนักงานคลังสินค้า,หญิง,34,ปริญญาตรี,7,18900,3.8,4,ไม่มี,23,ออฟฟิศ,อยู่ต่อ
EMP0163,IT,Developer,หญิง,28,ปริญญาตรี,0,29500,4.1,5,ไม่มี,21,ออฟฟิศ,อยู่ต่อ
EMP0687,IT,Developer,ชาย,25,ปริญญาตรี,2,31700,3.5,4,ไม่มี,60,Hybrid,อยู่ต่อ
EMP0783,ปฏิบัติการ,หัวหน้างาน,หญิง,23,ปริญญาตรี,1,26500,4.2,4,ไม่มี,14,ออฟฟิศ,อยู่ต่อ
EMP0514,บุคคล,เจ้าหน้าที่ HR,หญิง,32,ปริญญาตรี,4,26000,4.0,3,ไม่มี,16,Hybrid,อยู่ต่อ
EMP0430,ปฏิบัติการ,พนักงานคลังสินค้า,ชาย,39,ปริญญาตรี,7,17600,2.7,3,มี,57,ออฟฟิศ,ลาออก
EMP0220,การตลาด,Content Creator,หญิง,36,ปริญญาตรี,3,48800,4.7,4,มี,9,ออฟฟิศ,อยู่ต่อ
EMP0774,ขาย,พนักงานขาย,หญิง,26,ปริญญาตรี,4,20600,4.8,4,มี,37,ออฟฟิศ,ลาออก
EMP0504,ขาย,พนักงานขาย,ชาย,31,ปริญญาตรี,5,22800,3.3,1,ไม่มี,3,Hybrid,ลาออก
EMP0606,บุคคล,เจ้าหน้าที่ HR,หญิง,32,ปวส.,6,27800,3.7,2,มี,48,ออฟฟิศ,อยู่ต่อ
EMP0079,ขาย,พนักงานขาย,ชาย,30,ปริญญาตรี,5,21800,4.4,4,มี,27,ออฟฟิศ,อยู่ต่อ
EMP0733,บุคคล,Recruiter,หญิง,41,ปริญญาตรี,15,63700,3.4,2,ไม่มี,55,ออฟฟิศ,อยู่ต่อ
EMP0792,บุคคล,Recruiter,ชาย,41,ปริญญาตรี,8,49200,4.4,3,ไม่มี,19,ออฟฟิศ,อยู่ต่อ
EMP0746,การตลาด,Content Creator,ชาย,34,ปริญญาตรี,11,57300,3.3,2,มี,60,Hybrid,อยู่ต่อ
EMP0240,IT,Developer,ชาย,34,ปริญญาตรี,8,38100,3.3,5,มี,38,ออฟฟิศ,อยู่ต่อ
EMP0799,IT,Data Analyst,หญิง,45,ปริญญาตรี,13,87500,5,2,มี,16,ออฟฟิศ,อยู่ต่อ
EMP0611,ขาย,พนักงานขาย,หญิง,40,ปริญญาตรี,8,25100,4.2,1,ไม่มี,9,Hybrid,อยู่ต่อ
EMP0367,IT,Developer,ชาย,31,ปริญญาตรี,8,38900,3.2,5,มี,24,Hybrid,อยู่ต่อ
EMP0149,การตลาด,Marketing Executive,หญิง,30,ปริญญาตรี,0,25000,4.1,1,มี,6,Hybrid,อยู่ต่อ
EMP0101,ขาย,หัวหน้าทีมขาย,หญิง,33,ปริญญาโท,9,48300,4.1,1,ไม่มี,32,Hybrid,อยู่ต่อ
EMP0569,บุคคล,เจ้าหน้าที่ HR,ชาย,36,ปวส.,2,20600,3.8,1,ไม่มี,30,Hybrid,ลาออก
EMP0750,ขาย,พนักงานขาย,ชาย,39,ปริญญาตรี,9,26800,3.3,5,มี,24,ออฟฟิศ,อยู่ต่อ
EMP0129,ปฏิบัติการ,หัวหน้างาน,หญิง,36,ปริญญาตรี,8,37200,2.5,3,ไม่มี,29,Hybrid,อยู่ต่อ
EMP0623,ปฏิบัติการ,พนักงานคลังสินค้า,หญิง,32,ปริญญาตรี,3,17300,2.3,1,มี,32,Hybrid,ลาออก
EMP0664,บุคคล,เจ้าหน้าที่ HR,ชาย,30,ปริญญาตรี,8,24800,3.4,5,ไม่มี,26,Hybrid,อยู่ต่อ
EMP0539,การตลาด,Marketing Executive,ชาย,26,ปริญญาตรี,0,25000,3.9,4,ไม่มี,8,ออฟฟิศ,อยู่ต่อ
EMP0376,ปฏิบัติการ,พนักงานคลังสินค้า,หญิง,28,ปริญญาตรี,3,18300,2.8,5,มี,6,ออฟฟิศ,อยู่ต่อ
EMP0104,ขาย,พนักงานขาย,ชาย,35,ปริญญาตรี,2,21900,2.7,3,ไม่มี,43,Hybrid,อยู่ต่อ
EMP0496,บัญชี,เจ้าหน้าที่บัญชี,ชาย,35,ปริญญาโท,5,25800,3.4,5,มี,60,ออฟฟิศ,อยู่ต่อ
EMP0793,ปฏิบัติการ,หัวหน้างาน,หญิง,32,ปริญญาโท,8,39600,2.5,3,มี,11,ออฟฟิศ,อยู่ต่อ
EMP0515,บัญชี,เจ้าหน้าที่บัญชี,ชาย,39,ปริญญาตรี,5,25000,3.5,1,ไม่มี,48,Hybrid,อยู่ต่อ
EMP0634,IT,Developer,หญิง,33,ปริญญาตรี,8,36900,3.4,3,ไม่มี,57,Hybrid,อยู่ต่อ
EMP0273,ปฏิบัติการ,พนักงานคลังสินค้า,ชาย,35,ปริญญาตรี,3,16800,3.9,4,มี,35,ออฟฟิศ,อยู่ต่อ
EMP0277,ขาย,หัวหน้าทีมขาย,ชาย,34,ปริญญาโท,10,50900,3.0,5,ไม่มี,19,Hybrid,อยู่ต่อ
EMP0697,การตลาด,Marketing Executive,ชาย,30,ปริญญาตรี,6,25500,4.5,3,ไม่มี,41,ออฟฟิศ,อยู่ต่อ
EMP0013,ขาย,พนักงานขาย,ชาย,30,ปริญญาโท,0,19800,3.3,5,ไม่มี,3,ออฟฟิศ,ลาออก
EMP0482,ขาย,หัวหน้าทีมขาย,ชาย,31,ปริญญาตรี,7,45100,3.6,2,ไม่มี,14,ออฟฟิศ,ลาออก
EMP0255,IT,Developer,หญิง,26,ปริญญาโท,2,32200,2.8,5,มี,40,ออฟฟิศ,อยู่ต่อ
EMP0488,บุคคล,เจ้าหน้าที่ HR,ชาย,28,ปวส.,3,24500,2.6,4,ไม่มี,22,WFH,อยู่ต่อ
EMP0525,ปฏิบัติการ,พนักงานคลังสินค้า,หญิง,30,ปริญญาตรี,8,22100,4.0,5,ไม่มี,36,Hybrid,อยู่ต่อ
EMP0387,IT,Data Analyst,ชาย,41,ปริญญาโท,8,72700,2.6,3,ไม่มี,10,ออฟฟิศ,อยู่ต่อ
EMP0130,ปฏิบัติการ,หัวหน้างาน,หญิง,37,ปวส.,11,43000,2.3,1,ไม่มี,6,ออฟฟิศ,อยู่ต่อ
EMP0109,ขาย,พนักงานขาย,ชาย,32,ปริญญาตรี,4,23200,,5,ไม่มี,34,Hybrid,อยู่ต่อ
EMP0418,ขาย,พนักงานขาย,ชาย,27,ปริญญาตรี,3,20900,2.7,1,ไม่มี,23,ออฟฟิศ,อยู่ต่อ
EMP0018,การตลาด,Marketing Executive,หญิง,37,ปริญญาโท,5,29500,2.8,1,ไม่มี,38,Hybrid,อยู่ต่อ
EMP0132,ปฏิบัติการ,พนักงานคลังสินค้า,ชาย,41,ปวส.,7,18100,4.4,3,ไม่มี,22,Hybrid,อยู่ต่อ
EMP0116,ปฏิบัติการ,พนักงานคลังสินค้า,ชาย,32,ปริญญาตรี,5,18800,1.7,4,ไม่มี,58,Hybrid,อยู่ต่อ
EMP0666,IT,Developer,หญิง,36,ปริญญาตรี,2,32800,4.1,5,ไม่มี,29,ออฟฟิศ,อยู่ต่อ
EMP0357,การตลาด,Marketing Executive,หญิง,34,ปวส.,4,25600,2.9,2,มี,26,ออฟฟิศ,อยู่ต่อ
EMP0555,ปฏิบัติการ,หัวหน้างาน,หญิง,27,ปริญญาตรี,4,33400,3.5,2,ไม่มี,54,Hybrid,อยู่ต่อ
EMP0308,การตลาด,Marketing Executive,หญิง,36,ปริญญาตรี,6,28100,3.7,2,มี,53,ออฟฟิศ,อยู่ต่อ
EMP0332,ขาย,พนักงานขาย,ชาย,38,ปวส.,6,20100,3.5,5,ไม่มี,57,WFH,อยู่ต่อ
EMP0010,ขาย,หัวหน้าทีมขาย,หญิง,40,ปริญญาตรี,9,45800,3.2,3,ไม่มี,50,Hybrid,อยู่ต่อ
EMP0287,ขาย,หัวหน้าทีมขาย,หญิง,44,ปริญญาตรี,11,48200,2.2,3,ไม่มี,35,ออฟฟิศ,อยู่ต่อ
EMP0513,ปฏิบัติการ,พนักงานคลังสินค้า,หญิง,34,ปริญญาตรี,4,16400,3.4,2,มี,31,ออฟฟิศ,อยู่ต่อ
EMP0459,IT,Developer,หญิง,32,ปริญญาตรี,3,34900,4.0,4,ไม่มี,10,Hybrid,อยู่ต่อ
EMP0095,IT,Developer,หญิง,31,ปวส.,6,36000,4.0,2,ไม่มี,7,Hybrid,ลาออก
EMP0425,ปฏิบัติการ,หัวหน้างาน,หญิง,32,ปริญญาตรี,4,34700,4.5,3,ไม่มี,57,ออฟฟิศ,อยู่ต่อ
EMP0533,บัญชี,เจ้าหน้าที่บัญชี,ชาย,36,ปริญญาตรี,6,29800,3.4,2,ไม่มี,56,Hybrid,ลาออก
EMP0500,IT,Developer,หญิง,33,ปริญญาตรี,6,41100,3.0,2,ไม่มี,0,ออฟฟิศ,อยู่ต่อ
EMP0771,IT,IT Support,ชาย,47,,14,121700,3.3,2,มี,47,ออฟฟิศ,อยู่ต่อ
EMP0148,IT,IT Support,หญิง,31,ปวส.,9,100600,2.7,2,มี,39,ออฟฟิศ,อยู่ต่อ
EMP0266,IT,IT Support,หญิง,40,ปริญญาตรี,10,101300,2.5,4,มี,9,Hybrid,อยู่ต่อ
EMP0568,ขาย,หัวหน้าทีมขาย,หญิง,34,ปริญญาตรี,7,46800,3.1,5,ไม่มี,11,WFH,ลาออก
EMP0154,ขาย,หัวหน้าทีมขาย,หญิง,35,ปริญญาโท,9,49400,3.3,5,ไม่มี,40,ออฟฟิศ,อยู่ต่อ
EMP0735,ปฏิบัติการ,พนักงานคลังสินค้า,หญิง,36,ปริญญาตรี,6,17600,3.3,5,ไม่มี,23,Hybrid,อยู่ต่อ
EMP0582,IT,Developer,ชาย,31,ปริญญาตรี,6,41400,3.5,2,ไม่มี,10,Hybrid,อยู่ต่อ
EMP0259,ขาย,พนักงานขาย,ชาย,43,ปริญญาโท,9,23200,2.2,4,มี,19,Hybrid,อยู่ต่อ
EMP0209,ขาย,พนักงานขาย,หญิง,28,ปริญญาตรี,0,18900,2.0,2,ไม่มี,54,ออฟฟิศ,อยู่ต่อ
EMP0785,IT,Developer,ชาย,34,ปริญญาตรี,4,38800,4.4,3,มี,22,ออฟฟิศ,อยู่ต่อ
EMP0440,บัญชี,นักวิเคราะห์การเงิน,ชาย,36,ปริญญาตรี,13,62200,2.6,1,มี,11,Hybrid,อยู่ต่อ
EMP0112,ปฏิบัติการ,พนักงานคลังสินค้า,หญิง,34,ปวส.,7,20500,4.5,3,ไม่มี,30,ออฟฟิศ,ลาออก
EMP0225,ขาย,พนักงานขาย,ชาย,37,ปวส.,8,26600,3.5,3,ไม่มี,50,ออฟฟิศ,อยู่ต่อ
EMP0470,IT,Developer,หญิง,25,ปริญญาตรี,2,31300,4.2,5,ไม่มี,45,ออฟฟิศ,อยู่ต่อ
EMP0158,การตลาด,Marketing Executive,หญิง,27,ปวส.,4,28800,3.0,4,ไม่มี,53,ออฟฟิศ,อยู่ต่อ
EMP0413,ขาย,หัวหน้าทีมขาย,หญิง,30,ปริญญาตรี,8,40100,3.2,1,มี,55,ออฟฟิศ,อยู่ต่อ
EMP0622,บุคคล,เจ้าหน้าที่ HR,ชาย,23,ปวส.,0,20500,4.0,5,ไม่มี,4,Hybrid,อยู่ต่อ
EMP0020,ขาย,พนักงานขาย,หญิง,33,ปริญญาตรี,3,23000,2.9,4,ไม่มี,59,ออฟฟิศ,อยู่ต่อ
EMP0667,ขาย,พนักงานขาย,หญิง,27,ปริญญาตรี,2,20700,3.7,5,ไม่มี,17,ออฟฟิศ,อยู่ต่อ
EMP0455,IT,IT Manager,หญิง,49,ปวส.,18,158500,3.9,3,ไม่มี,20,ออฟฟิศ,อยู่ต่อ
EMP0636,ปฏิบัติการ,หัวหน้างาน,ชาย,34,ปริญญาตรี,10,39700,2.2,4,ไม่มี,16,ออฟฟิศ,อยู่ต่อ
EMP0127,ปฏิบัติการ,พนักงานคลังสินค้า,ชาย,37,ปริญญาตรี,5,18800,4.5,4,ไม่มี,9,WFH,อยู่ต่อ
EMP0363,บุคคล,เจ้าหน้าที่ HR,หญิง,30,ปริญญาตรี,3,21800,3.0,5,ไม่มี,34,ออฟฟิศ,อยู่ต่อ
EMP0088,ปฏิบัติการ,หัวหน้างาน,หญิง,40,ปวส.,10,41200,,1,ไม่มี,19,ออฟฟิศ,ลาออก
EMP0144,ขาย,พนักงานขาย,หญิง,26,ปริญญาตรี,3,22900,3.4,2,ไม่มี,45,Hybrid,ลาออก
EMP0684,ขาย,พนักงานขาย,ชาย,42,ปริญญาตรี,8,25600,3.9,1,ไม่มี,44,Hybrid,อยู่ต่อ
EMP0075,ปฏิบัติการ,หัวหน้างาน,ชาย,38,ปริญญาตรี,8,37600,4.3,5,มี,11,ออฟฟิศ,ลาออก
EMP0463,ขาย,หัวหน้าทีมขาย,ชาย,31,ปวส.,8,45400,3.3,4,ไม่มี,12,Hybrid,อยู่ต่อ
EMP0142,IT,Data Analyst,หญิง,29,ปริญญาตรี,7,74000,3.0,2,ไม่มี,34,Hybrid,ลาออก
EMP0114,IT,Developer,หญิง,35,ปริญญาตรี,1,30900,3.4,2,มี,54,ออฟฟิศ,อยู่ต่อ
EMP0166,การตลาด,Marketing Executive,หญิง,39,ปริญญาตรี,10,27900,2.4,3,มี,32,Hybrid,อยู่ต่อ
EMP0221,ปฏิบัติการ,ผู้จัดการโรงงาน,ชาย,45,ปวส.,12,55900,4.1,4,มี,,ออฟฟิศ,ลาออก
EMP0456,ปฏิบัติการ,ผู้จัดการโรงงาน,หญิง,40,ปริญญาโท,12,62300,3.7,3,ไม่มี,44,Hybrid,อยู่ต่อ
EMP0056,การตลาด,ผู้จัดการการตลาด,ชาย,30,ปริญญาตรี,8,83800,2.9,5,ไม่มี,26,Hybrid,อยู่ต่อ
EMP0043,การตลาด,Content Creator,หญิง,43,ปริญญาตรี,11,65000,3.4,4,มี,4,Hybrid,อยู่ต่อ
EMP0505,ปฏิบัติการ,หัวหน้างาน,หญิง,33,ปริญญาโท,6,35600,3.1,5,ไม่มี,17,ออฟฟิศ,อยู่ต่อ
EMP0595,ปฏิบัติการ,พนักงานคลังสินค้า,หญิง,25,ปวส.,0,16700,3.7,2,ไม่มี,50,ออฟฟิศ,ลาออก
EMP0373,การตลาด,Marketing Executive,ชาย,32,ปวส.,6,24600,4.3,1,ไม่มี,28,Hybrid,อยู่ต่อ
EMP0707,การตลาด,Marketing Executive,ชาย,32,ปริญญาตรี,9,30700,1.8,3,มี,45,Hybrid,อยู่ต่อ
EMP0680,ปฏิบัติการ,หัวหน้างาน,หญิง,35,ปริญญาตรี,11,44500,3.3,3,ไม่มี,6,ออฟฟิศ,อยู่ต่อ
EMP0417,ปฏิบัติการ,พนักงานคลังสินค้า,หญิง,37,ปริญญาตรี,3,16200,2.6,1,ไม่มี,1,ออฟฟิศ,ลาออก
EMP0765,บัญชี,เจ้าหน้าที่บัญชี,หญิง,31,ปริญญาตรี,4,27900,4.4,2,ไม่มี,41,WFH,อยู่ต่อ
EMP0559,ปฏิบัติการ,หัวหน้างาน,หญิง,31,ปริญญาตรี,7,33400,2.8,3,มี,26,WFH,อยู่ต่อ
EMP0444,IT,Developer,หญิง,36,ปริญญาโท,5,37300,4.2,2,ไม่มี,4,ออฟฟิศ,อยู่ต่อ
EMP0066,ขาย,พนักงานขาย,หญิง,38,ปริญญาตรี,4,19500,4.1,3,ไม่มี,47,WFH,อยู่ต่อ
EMP0278,ขาย,พนักงานขาย,หญิง,26,ปริญญาตรี,4,21400,3.5,5,ไม่มี,5,ออฟฟิศ,อยู่ต่อ
EMP0097,ปฏิบัติการ,พนักงานคลังสินค้า,หญิง,39,ปวส.,6,19300,2.7,4,ไม่มี,37,Hybrid,อยู่ต่อ
EMP0502,ปฏิบัติการ,พนักงานคลังสินค้า,หญิง,28,ปริญญาตรี,0,13700,1.9,2,มี,23,ออฟฟิศ,ลาออก
EMP0389,ขาย,หัวหน้าทีมขาย,หญิง,32,ปริญญาตรี,2,35500,2.7,5,ไม่มี,53,Hybrid,ลาออก
EMP0411,บัญชี,เจ้าหน้าที่บัญชี,ชาย,27,ปริญญาตรี,0,22000,3.6,4,ไม่มี,53,ออฟฟิศ,อยู่ต่อ
EMP0178,IT,Data Analyst,หญิง,32,ปริญญาตรี,10,78200,3.1,5,มี,7,ออฟฟิศ,อยู่ต่อ
EMP0390,การตลาด,Content Creator,ชาย,28,ปริญญาตรี,4,51100,3.9,1,ไม่มี,2,Hybrid,อยู่ต่อ
EMP0069,การตลาด,ผู้จัดการการตลาด,ชาย,42,ปริญญาตรี,11,75900,3.7,5,ไม่มี,10,ออฟฟิศ,อยู่ต่อ
EMP0537,ปฏิบัติการ,พนักงานคลังสินค้า,หญิง,28,ปริญญาตรี,2,18100,3.8,3,ไม่มี,1,ออฟฟิศ,อยู่ต่อ
EMP0449,ปฏิบัติการ,หัวหน้างาน,ชาย,35,ปริญญาโท,11,41100,3.4,1,มี,42,ออฟฟิศ,อยู่ต่อ
EMP0609,บุคคล,เจ้าหน้าที่ HR,หญิง,33,ปวส.,5,22200,4.0,3,ไม่มี,56,ออฟฟิศ,ลาออก
EMP0442,บัญชี,เจ้าหน้าที่บัญชี,หญิง,39,ปริญญาตรี,5,27600,3.8,1,ไม่มี,40,ออฟฟิศ,อยู่ต่อ
EMP0604,บุคคล,เจ้าหน้าที่ HR,หญิง,30,ปริญญาตรี,0,20100,4.5,2,ไม่มี,29,Hybrid,อยู่ต่อ
EMP0451,การตลาด,Marketing Executive,ชาย,26,ปริญญาตรี,1,26000,3.4,5,ไม่มี,50,ออฟฟิศ,อยู่ต่อ
EMP0593,บุคคล,เจ้าหน้าที่ HR,หญิง,38,ปวส.,7,29000,3.5,5,ไม่มี,6,Hybrid,อยู่ต่อ
EMP0113,การตลาด,Marketing Executive,ชาย,32,ปริญญาโท,1,26300,2.7,3,ไม่มี,42,ออฟฟิศ,อยู่ต่อ
EMP0469,บุคคล,เจ้าหน้าที่ HR,ชาย,36,ปวส.,6,23400,3.4,1,ไม่มี,44,ออฟฟิศ,ลาออก
EMP0415,ปฏิบัติการ,พนักงานคลังสินค้า,ชาย,24,ปริญญาตรี,0,14600,2.9,5,ไม่มี,56,ออฟฟิศ,อยู่ต่อ
EMP0722,ปฏิบัติการ,พนักงานคลังสินค้า,หญิง,26,ปริญญาตรี,4,17100,4.2,3,ไม่มี,53,ออฟฟิศ,อยู่ต่อ
EMP0614,IT,Developer,หญิง,32,ปริญญาตรี,8,41100,3.9,1,มี,2,ออฟฟิศ,ลาออก
EMP0772,ขาย,พนักงานขาย,หญิง,29,ปวส.,1,20800,3.6,5,มี,33,Hybrid,อยู่ต่อ
EMP0093,ขาย,พนักงานขาย,ชาย,43,ปริญญาตรี,9,27900,2.8,4,ไม่มี,6,ออฟฟิศ,อยู่ต่อ
EMP0436,การตลาด,Marketing Executive,หญิง,35,ปวส.,6,25700,3.6,1,ไม่มี,11,ออฟฟิศ,อยู่ต่อ
EMP0431,ปฏิบัติการ,พนักงานคลังสินค้า,หญิง,39,ปริญญาตรี,5,20600,4.0,5,มี,49,ออฟฟิศ,อยู่ต่อ
EMP0235,บุคคล,เจ้าหน้าที่ HR,ชาย,38,ปริญญาตรี,5,24800,3.1,2,มี,19,ออฟฟิศ,ลาออก
EMP0487,ขาย,พนักงานขาย,หญิง,36,ปริญญาตรี,3,18300,4.5,1,ไม่มี,9,ออฟฟิศ,อยู่ต่อ
EMP0027,ขาย,หัวหน้าทีมขาย,ชาย,39,ปวส.,8,42000,3.4,1,ไม่มี,57,ออฟฟิศ,อยู่ต่อ
EMP0218,ปฏิบัติการ,หัวหน้างาน,ชาย,37,ปวส.,7,33500,2.8,1,ไม่มี,28,Hybrid,อยู่ต่อ
EMP0085,IT,IT Support,หญิง,42,ปวส.,14,134700,2.5,2,ไม่มี,40,ออฟฟิศ,อยู่ต่อ
EMP0107,IT,Developer,ชาย,31,ปริญญาตรี,5,36200,3.0,2,ไม่มี,9,ออฟฟิศ,ลาออก
EMP0082,ปฏิบัติการ,พนักงานคลังสินค้า,หญิง,35,ปวส.,5,19900,3.3,1,ไม่มี,35,ออฟฟิศ,อยู่ต่อ
EMP0638,ปฏิบัติการ,พนักงานคลังสินค้า,ชาย,34,ปริญญาตรี,11,22800,2.0,2,ไม่มี,58,ออฟฟิศ,ลาออก
EMP0577,IT,Developer,หญิง,35,ปริญญาโท,10,41700,2.8,2,มี,17,ออฟฟิศ,อยู่ต่อ
EMP0468,ปฏิบัติการ,พนักงานคลังสินค้า,หญิง,29,ปวส.,7,21900,2.1,2,ไม่มี,57,Hybrid,ลาออก
EMP0596,ปฏิบัติการ,พนักงานคลังสินค้า,หญิง,39,ปริญญาโท,12,22800,2.6,5,ไม่มี,39,Hybrid,อยู่ต่อ
EMP0755,ปฏิบัติการ,พนักงานคลังสินค้า,ชาย,34,ปริญญาตรี,4,18700,2.6,1,มี,37,ออฟฟิศ,อยู่ต่อ
EMP0729,การตลาด,Marketing Executive,หญิง,24,ปริญญาตรี,0,22200,3.8,5,ไม่มี,0,Hybrid,อยู่ต่อ
EMP0658,IT,Developer,หญิง,29,ปริญญาตรี,4,39500,3.0,5,ไม่มี,23,ออฟฟิศ,อยู่ต่อ
EMP0098,ขาย,หัวหน้าทีมขาย,ชาย,36,ปริญญาตรี,12,46200,3.8,5,ไม่มี,49,ออฟฟิศ,ลาออก
EMP0519,การตลาด,Marketing Executive,หญิง,37,ปริญญาโท,8,33000,3.2,3,ไม่มี,7,WFH,อยู่ต่อ
EMP0659,ปฏิบัติการ,พนักงานคลังสินค้า,ชาย,35,ปริญญาตรี,9,22500,3.1,3,มี,57,ออฟฟิศ,อยู่ต่อ
EMP0177,ปฏิบัติการ,พนักงานคลังสินค้า,ชาย,38,ปริญญาตรี,4,16500,4.3,1,ไม่มี,30,Hybrid,ลาออก
EMP0397,ขาย,หัวหน้าทีมขาย,ชาย,38,ปริญญาตรี,10,49500,3.5,5,มี,36,ออฟฟิศ,อยู่ต่อ
EMP0199,ปฏิบัติการ,หัวหน้างาน,หญิง,31,ปวส.,7,37700,3.9,4,มี,57,ออฟฟิศ,ลาออก
EMP0175,ปฏิบัติการ,พนักงานคลังสินค้า,ชาย,41,ปริญญาตรี,7,18700,4.3,3,ไม่มี,9,ออฟฟิศ,อยู่ต่อ
EMP0167,ปฏิบัติการ,หัวหน้างาน,หญิง,31,ปวส.,6,37900,5,3,ไม่มี,4,Hybrid,อยู่ต่อ
EMP0794,IT,Developer,หญิง,32,ปริญญาโท,2,32500,3.6,1,ไม่มี,41,ออฟฟิศ,อยู่ต่อ
EMP0256,บุคคล,ผู้จัดการ HR,หญิง,50,ปริญญาตรี,17,82800,3.3,2,ไม่มี,0,Hybrid,อยู่ต่อ
EMP0408,การตลาด,Marketing Executive,ชาย,33,ปริญญาตรี,0,24300,2.2,4,ไม่มี,4,ออฟฟิศ,อยู่ต่อ
